;Idx_WF,WF_Ext,Year,AWDT,PASS_VOL,TRUCK_MD,TRUCK_HV,AWDT_FAC,AADT,PASSENGER,TRUCK_SU,TRUCK_MU,PctTrk_SU,PctTrk_MU
36012010,3601,2010,492,492,0,0,0.956,515,515,0,0,0.0,0.0
36012011,3601,2011,488,488,0,0,0.956,510,510,0,0,0.0,0.0
36012012,3601,2012,559,559,0,0,0.956,585,585,0,0,0.0,0.0
36012013,3601,2013,578,578,0,0,0.956,605,605,0,0,0.0,0.0
36012014,3601,2014,588,588,0,0,0.956,615,615,0,0,0.0,0.0
36012015,3601,2015,626,626,0,0,0.956,655,655,0,0,0.0,0.0
36012016,3601,2016,655,655,0,0,0.956,685,685,0,0,0.0,0.0
36012017,3601,2017,672,672,0,0,0.956,703,703,0,0,0.0,0.0
36012018,3601,2018,699,699,0,0,0.956,731,731,0,0,0.0,0.0
36012019,3601,2019,707,707,0,0,0.956,740,740,0,0,0.0,0.0
36012020,3601,2020,706,706,0,0,0.956,739,739,0,0,0.0,0.0
36012021,3601,2021,757,757,0,0,0.956,792,792,0,0,0.0,0.0
36012022,3601,2022,749,749,0,0,0.956,783,783,0,0,0.0,0.0
36012023,3601,2023,784,784,0,0,0.956,820,820,0,0,0.0,0.0
36012024,3601,2024,803,803,0,0,0.956,840,840,0,0,0.0,0.0
36012025,3601,2025,822,822,0,0,0.956,860,860,0,0,0.0,0.0
36012026,3601,2026,841,841,0,0,0.956,880,880,0,0,0.0,0.0
36012027,3601,2027,860,860,0,0,0.956,900,900,0,0,0.0,0.0
36012028,3601,2028,880,880,0,0,0.956,920,920,0,0,0.0,0.0
36012029,3601,2029,899,899,0,0,0.956,940,940,0,0,0.0,0.0
36012030,3601,2030,918,918,0,0,0.956,960,960,0,0,0.0,0.0
36012031,3601,2031,937,937,0,0,0.956,980,980,0,0,0.0,0.0
36012032,3601,2032,956,956,0,0,0.956,1000,1000,0,0,0.0,0.0
36012033,3601,2033,980,980,0,0,0.956,1025,1025,0,0,0.0,0.0
36012034,3601,2034,1004,1004,0,0,0.956,1050,1050,0,0,0.0,0.0
36012035,3601,2035,1028,1028,0,0,0.956,1075,1075,0,0,0.0,0.0
36012036,3601,2036,1052,1052,0,0,0.956,1100,1100,0,0,0.0,0.0
36012037,3601,2037,1071,1071,0,0,0.956,1120,1120,0,0,0.0,0.0
36012038,3601,2038,1090,1090,0,0,0.956,1140,1140,0,0,0.0,0.0
36012039,3601,2039,1109,1109,0,0,0.956,1160,1160,0,0,0.0,0.0
36012040,3601,2040,1128,1128,0,0,0.956,1180,1180,0,0,0.0,0.0
36012041,3601,2041,1147,1147,0,0,0.956,1200,1200,0,0,0.0,0.0
36012042,3601,2042,1166,1166,0,0,0.956,1220,1220,0,0,0.0,0.0
36012043,3601,2043,1185,1185,0,0,0.956,1240,1240,0,0,0.0,0.0
36012044,3601,2044,1205,1205,0,0,0.956,1260,1260,0,0,0.0,0.0
36012045,3601,2045,1224,1224,0,0,0.956,1280,1280,0,0,0.0,0.0
36012046,3601,2046,1243,1243,0,0,0.956,1300,1300,0,0,0.0,0.0
36012047,3601,2047,1253,1253,0,0,0.956,1311,1311,0,0,0.0,0.0
36012048,3601,2048,1264,1264,0,0,0.956,1322,1322,0,0,0.0,0.0
36012049,3601,2049,1274,1274,0,0,0.956,1333,1333,0,0,0.0,0.0
36012050,3601,2050,1285,1285,0,0,0.956,1344,1344,0,0,0.0,0.0
36012051,3601,2051,1296,1296,0,0,0.956,1356,1356,0,0,0.0,0.0
36012052,3601,2052,1307,1307,0,0,0.956,1367,1367,0,0,0.0,0.0
36012053,3601,2053,1317,1317,0,0,0.956,1378,1378,0,0,0.0,0.0
36012054,3601,2054,1328,1328,0,0,0.956,1389,1389,0,0,0.0,0.0
36012055,3601,2055,1338,1338,0,0,0.956,1400,1400,0,0,0.0,0.0
36012056,3601,2056,1358,1358,0,0,0.956,1420,1420,0,0,0.0,0.0
36012057,3601,2057,1377,1377,0,0,0.956,1440,1440,0,0,0.0,0.0
36012058,3601,2058,1396,1396,0,0,0.956,1460,1460,0,0,0.0,0.0
36012059,3601,2059,1415,1415,0,0,0.956,1480,1480,0,0,0.0,0.0
36012060,3601,2060,1434,1434,0,0,0.956,1500,1500,0,0,0.0,0.0
36022010,3602,2010,6685,5115,704,866,0.971,6885,5268,725,892,0.1054,0.1296
36022011,3602,2011,6399,4896,674,829,0.971,6590,5042,694,854,0.1054,0.1296
36022012,3602,2012,7593,5809,800,984,0.971,7820,5983,824,1013,0.1054,0.1296
36022013,3602,2013,7851,6006,827,1018,0.971,8085,6185,852,1048,0.1054,0.1296
36022014,3602,2014,7977,6103,840,1034,0.971,8215,6285,865,1065,0.1054,0.1296
36022015,3602,2015,8448,6463,890,1094,0.971,8700,6656,917,1127,0.1054,0.1296
36022016,3602,2016,8859,6779,933,1148,0.971,9124,6981,961,1182,0.1054,0.1296
36022017,3602,2017,9090,6954,957,1178,0.971,9361,7162,986,1213,0.1054,0.1296
36022018,3602,2018,9453,7231,996,1225,0.971,9735,7447,1026,1262,0.1054,0.1296
36022019,3602,2019,9566,7318,1008,1240,0.971,9852,7537,1038,1277,0.1054,0.1296
36022020,3602,2020,9557,7312,1007,1238,0.971,9842,7530,1037,1275,0.1054,0.1296
36022021,3602,2021,10245,7838,1080,1327,0.971,10551,8072,1112,1367,0.1054,0.1296
36022022,3602,2022,10132,7752,1067,1313,0.971,10435,7984,1099,1352,0.1054,0.1296
36022023,3602,2023,10293,7874,1085,1334,0.971,10600,8109,1117,1374,0.1054,0.1296
36022024,3602,2024,10390,7949,1094,1347,0.971,10700,8186,1127,1387,0.1054,0.1296
36022025,3602,2025,10487,8022,1105,1359,0.971,10800,8262,1138,1400,0.1054,0.1296
36022026,3602,2026,10584,8098,1115,1371,0.971,10900,8340,1148,1412,0.1053,0.1295
36022027,3602,2027,10681,8172,1125,1384,0.971,11000,8416,1159,1425,0.1054,0.1295
36022028,3602,2028,10778,8247,1135,1396,0.971,11100,8493,1169,1438,0.1053,0.1295
36022029,3602,2029,10875,8320,1146,1409,0.971,11200,8569,1180,1451,0.1054,0.1296
36022030,3602,2030,10972,8394,1156,1422,0.971,11300,8645,1191,1464,0.1054,0.1296
36022031,3602,2031,11069,8469,1166,1434,0.971,11400,8722,1201,1477,0.1054,0.1296
36022032,3602,2032,11166,8543,1177,1447,0.971,11500,8798,1212,1490,0.1054,0.1296
36022033,3602,2033,11288,8636,1189,1462,0.971,11625,8894,1225,1506,0.1054,0.1295
36022034,3602,2034,11409,8728,1202,1479,0.971,11750,8989,1238,1523,0.1054,0.1296
36022035,3602,2035,11531,8822,1215,1494,0.971,11875,9085,1251,1539,0.1053,0.1296
36022036,3602,2036,11652,8915,1227,1510,0.971,12000,9181,1264,1555,0.1053,0.1296
36022037,3602,2037,11798,9026,1243,1528,0.971,12150,9296,1280,1574,0.1053,0.1295
36022038,3602,2038,11943,9137,1258,1548,0.971,12300,9410,1296,1594,0.1054,0.1296
36022039,3602,2039,12089,9249,1274,1566,0.971,12450,9525,1312,1613,0.1054,0.1296
36022040,3602,2040,12235,9359,1289,1586,0.971,12600,9639,1328,1633,0.1054,0.1296
36022041,3602,2041,12380,9472,1304,1604,0.971,12750,9755,1343,1652,0.1053,0.1296
36022042,3602,2042,12526,9583,1320,1624,0.971,12900,9869,1359,1672,0.1053,0.1296
36022043,3602,2043,12672,9694,1335,1642,0.971,13050,9984,1375,1691,0.1054,0.1296
36022044,3602,2044,12817,9805,1351,1661,0.971,13200,10098,1391,1711,0.1054,0.1296
36022045,3602,2045,12963,9917,1366,1680,0.971,13350,10213,1407,1730,0.1054,0.1296
36022046,3602,2046,13108,10029,1381,1698,0.971,13500,10329,1422,1749,0.1053,0.1296
36022047,3602,2047,13216,10111,1392,1713,0.971,13611,10413,1434,1764,0.1054,0.1296
36022048,3602,2048,13324,10194,1404,1726,0.971,13722,10498,1446,1778,0.1054,0.1296
36022049,3602,2049,13432,10276,1415,1741,0.971,13833,10583,1457,1793,0.1053,0.1296
36022050,3602,2050,13540,10359,1426,1755,0.971,13944,10668,1469,1807,0.1053,0.1296
36022051,3602,2051,13648,10442,1438,1768,0.971,14056,10754,1481,1821,0.1054,0.1296
36022052,3602,2052,13756,10524,1450,1783,0.971,14167,10838,1493,1836,0.1054,0.1296
36022053,3602,2053,13864,10607,1460,1796,0.971,14278,10924,1504,1850,0.1053,0.1296
36022054,3602,2054,13972,10689,1472,1811,0.971,14389,11008,1516,1865,0.1054,0.1296
36022055,3602,2055,14080,10771,1484,1825,0.971,14500,11093,1528,1879,0.1054,0.1296
36022056,3602,2056,14274,10920,1504,1850,0.971,14700,11246,1549,1905,0.1054,0.1296
36022057,3602,2057,14468,11068,1524,1875,0.971,14900,11399,1570,1931,0.1054,0.1296
36022058,3602,2058,14662,11217,1545,1900,0.971,15100,11552,1591,1957,0.1054,0.1296
36022059,3602,2059,14856,11366,1565,1925,0.971,15300,11705,1612,1983,0.1054,0.1296
36022060,3602,2060,15050,11514,1586,1951,0.971,15500,11858,1633,2009,0.1054,0.1296
36032010,3603,2010,0,0,0,0,1.0404,0,0,0,0,0.0,0.0
36032011,3603,2011,0,0,0,0,1.0404,0,0,0,0,0.0,0.0
36032012,3603,2012,0,0,0,0,1.0404,0,0,0,0,0.0,0.0
36032013,3603,2013,0,0,0,0,1.0404,0,0,0,0,0.0,0.0
36032014,3603,2014,1040,1040,0,0,1.0404,1000,1000,0,0,0.0,0.0
36032015,3603,2015,1087,1087,0,0,1.0404,1045,1045,0,0,0.0,0.0
36032016,3603,2016,1142,1142,0,0,1.0404,1098,1098,0,0,0.0,0.0
36032017,3603,2017,1479,1479,0,0,1.0404,1422,1422,0,0,0.0,0.0
36032018,3603,2018,1494,1494,0,0,1.0404,1436,1436,0,0,0.0,0.0
36032019,3603,2019,1521,1521,0,0,1.0404,1462,1462,0,0,0.0,0.0
36032020,3603,2020,1359,1359,0,0,1.0404,1306,1306,0,0,0.0,0.0
36032021,3603,2021,1473,1473,0,0,1.0404,1416,1416,0,0,0.0,0.0
36032022,3603,2022,1488,1488,0,0,1.0404,1430,1430,0,0,0.0,0.0
36032023,3603,2023,1581,1581,0,0,1.0404,1520,1520,0,0,0.0,0.0
36032024,3603,2024,1602,1602,0,0,1.0404,1540,1540,0,0,0.0,0.0
36032025,3603,2025,1623,1623,0,0,1.0404,1560,1560,0,0,0.0,0.0
36032026,3603,2026,1644,1644,0,0,1.0404,1580,1580,0,0,0.0,0.0
36032027,3603,2027,1665,1665,0,0,1.0404,1600,1600,0,0,0.0,0.0
36032028,3603,2028,1685,1685,0,0,1.0404,1620,1620,0,0,0.0,0.0
36032029,3603,2029,1706,1706,0,0,1.0404,1640,1640,0,0,0.0,0.0
36032030,3603,2030,1727,1727,0,0,1.0404,1660,1660,0,0,0.0,0.0
36032031,3603,2031,1748,1748,0,0,1.0404,1680,1680,0,0,0.0,0.0
36032032,3603,2032,1769,1769,0,0,1.0404,1700,1700,0,0,0.0,0.0
36032033,3603,2033,1795,1795,0,0,1.0404,1725,1725,0,0,0.0,0.0
36032034,3603,2034,1821,1821,0,0,1.0404,1750,1750,0,0,0.0,0.0
36032035,3603,2035,1847,1847,0,0,1.0404,1775,1775,0,0,0.0,0.0
36032036,3603,2036,1873,1873,0,0,1.0404,1800,1800,0,0,0.0,0.0
36032037,3603,2037,1904,1904,0,0,1.0404,1830,1830,0,0,0.0,0.0
36032038,3603,2038,1935,1935,0,0,1.0404,1860,1860,0,0,0.0,0.0
36032039,3603,2039,1966,1966,0,0,1.0404,1890,1890,0,0,0.0,0.0
36032040,3603,2040,1998,1998,0,0,1.0404,1920,1920,0,0,0.0,0.0
36032041,3603,2041,2029,2029,0,0,1.0404,1950,1950,0,0,0.0,0.0
36032042,3603,2042,2060,2060,0,0,1.0404,1980,1980,0,0,0.0,0.0
36032043,3603,2043,2091,2091,0,0,1.0404,2010,2010,0,0,0.0,0.0
36032044,3603,2044,2122,2122,0,0,1.0404,2040,2040,0,0,0.0,0.0
36032045,3603,2045,2154,2154,0,0,1.0404,2070,2070,0,0,0.0,0.0
36032046,3603,2046,2185,2185,0,0,1.0404,2100,2100,0,0,0.0,0.0
36032047,3603,2047,2208,2208,0,0,1.0404,2122,2122,0,0,0.0,0.0
36032048,3603,2048,2231,2231,0,0,1.0404,2144,2144,0,0,0.0,0.0
36032049,3603,2049,2255,2255,0,0,1.0404,2167,2167,0,0,0.0,0.0
36032050,3603,2050,2277,2277,0,0,1.0404,2189,2189,0,0,0.0,0.0
36032051,3603,2051,2300,2300,0,0,1.0404,2211,2211,0,0,0.0,0.0
36032052,3603,2052,2323,2323,0,0,1.0404,2233,2233,0,0,0.0,0.0
36032053,3603,2053,2347,2347,0,0,1.0404,2256,2256,0,0,0.0,0.0
36032054,3603,2054,2370,2370,0,0,1.0404,2278,2278,0,0,0.0,0.0
36032055,3603,2055,2393,2393,0,0,1.0404,2300,2300,0,0,0.0,0.0
36032056,3603,2056,2435,2435,0,0,1.0404,2340,2340,0,0,0.0,0.0
36032057,3603,2057,2476,2476,0,0,1.0404,2380,2380,0,0,0.0,0.0
36032058,3603,2058,2518,2518,0,0,1.0404,2420,2420,0,0,0.0,0.0
36032059,3603,2059,2559,2559,0,0,1.0404,2460,2460,0,0,0.0,0.0
36032060,3603,2060,2601,2601,0,0,1.0404,2500,2500,0,0,0.0,0.0
36042010,3604,2010,23795,18168,1212,4415,0.9746,24415,18641,1244,4530,0.0509,0.1855
36042011,3604,2011,21266,16331,1516,3418,0.9746,21820,16757,1556,3507,0.0713,0.1607
36042012,3604,2012,22460,17207,1575,3678,0.9746,23045,17655,1616,3774,0.0701,0.1638
36042013,3604,2013,22728,16999,1939,3789,0.9746,23320,17442,1990,3888,0.0853,0.1667
36042014,3604,2014,22957,15580,3408,3969,0.9746,23555,15986,3497,4072,0.1485,0.1729
36042015,3604,2015,24906,15799,4533,4574,0.9746,25555,16211,4651,4693,0.182,0.1836
36042016,3604,2016,24684,15740,4563,4381,0.9746,25327,16150,4682,4495,0.1848,0.1775
36042017,3604,2017,25498,17714,3453,4331,0.9746,26163,18176,3543,4444,0.1354,0.1699
36042018,3604,2018,26697,18429,3465,4804,0.9746,27393,18909,3555,4929,0.1298,0.1799
36042019,3604,2019,27498,18838,3616,5045,0.9746,28215,19329,3710,5176,0.1315,0.1835
36042020,3604,2020,25656,17136,3754,4766,0.9746,26325,17583,3852,4890,0.1463,0.1858
36042021,3604,2021,28606,19333,4082,5192,0.9746,29352,19837,4188,5327,0.1427,0.1815
36042022,3604,2022,28835,19487,4115,5234,0.9746,29587,19995,4222,5370,0.1427,0.1815
36042023,3604,2023,29725,20027,4308,5391,0.9746,30500,20549,4420,5531,0.1449,0.1814
36042024,3604,2024,30213,20259,4470,5484,0.9746,31000,20787,4586,5627,0.1479,0.1815
36042025,3604,2025,30700,21799,3349,5552,0.9746,31500,22367,3436,5697,0.1091,0.1809
36042026,3604,2026,31187,22126,3421,5640,0.9746,32000,22703,3510,5787,0.1097,0.1808
36042027,3604,2027,31674,22454,3494,5727,0.9746,32500,23039,3585,5876,0.1103,0.1808
36042028,3604,2028,32162,22780,3567,5814,0.9746,33000,23374,3660,5966,0.1109,0.1808
36042029,3604,2029,32649,23108,3640,5901,0.9746,33500,23710,3735,6055,0.1115,0.1807
36042030,3604,2030,33136,23435,3712,5989,0.9746,34000,24046,3809,6145,0.112,0.1807
36042031,3604,2031,33624,23763,3785,6076,0.9746,34500,24382,3884,6234,0.1126,0.1807
36042032,3604,2032,34111,24090,3858,6162,0.9746,35000,24718,3959,6323,0.1131,0.1807
36042033,3604,2033,34598,24418,3931,6250,0.9746,35500,25054,4033,6413,0.1136,0.1806
36042034,3604,2034,35086,24745,4004,6337,0.9746,36000,25390,4108,6502,0.1141,0.1806
36042035,3604,2035,35573,25072,4077,6425,0.9746,36500,25725,4183,6592,0.1146,0.1806
36042036,3604,2036,36060,25400,4149,6511,0.9746,37000,26062,4257,6681,0.1151,0.1806
36042037,3604,2037,36499,25694,4214,6590,0.9746,37450,26364,4324,6762,0.1155,0.1806
36042038,3604,2038,36937,25989,4280,6668,0.9746,37900,26666,4392,6842,0.1159,0.1805
36042039,3604,2039,37376,26283,4346,6747,0.9746,38350,26968,4459,6923,0.1163,0.1805
36042040,3604,2040,37814,26578,4411,6825,0.9746,38800,27271,4526,7003,0.1166,0.1805
36042041,3604,2041,38253,26873,4476,6904,0.9746,39250,27573,4593,7084,0.117,0.1805
36042042,3604,2042,38692,27167,4543,6982,0.9746,39700,27875,4661,7164,0.1174,0.1805
36042043,3604,2043,39130,27461,4608,7061,0.9746,40150,28177,4728,7245,0.1178,0.1804
36042044,3604,2044,39569,27757,4673,7139,0.9746,40600,28480,4795,7325,0.1181,0.1804
36042045,3604,2045,40007,28051,4739,7218,0.9746,41050,28782,4862,7406,0.1184,0.1804
36042046,3604,2046,40446,28346,4804,7296,0.9746,41500,29085,4929,7486,0.1188,0.1804
36042047,3604,2047,40933,28673,4877,7384,0.9746,42000,29420,5004,7576,0.1191,0.1804
36042048,3604,2048,41420,29000,4950,7470,0.9746,42500,29756,5079,7665,0.1195,0.1804
36042049,3604,2049,41908,29328,5022,7558,0.9746,43000,30092,5153,7755,0.1198,0.1803
36042050,3604,2050,42395,29655,5095,7645,0.9746,43500,30428,5228,7844,0.1202,0.1803
36042051,3604,2051,42882,29982,5168,7732,0.9746,44000,30763,5303,7934,0.1205,0.1803
36042052,3604,2052,43370,30310,5240,7819,0.9746,44500,31100,5377,8023,0.1208,0.1803
36042053,3604,2053,43857,30637,5314,7907,0.9746,45000,31435,5452,8113,0.1212,0.1803
36042054,3604,2054,44344,30964,5387,7994,0.9746,45500,31771,5527,8202,0.1215,0.1803
36042055,3604,2055,44832,31291,5460,8080,0.9746,46000,32107,5602,8291,0.1218,0.1802
36042056,3604,2056,45319,31619,5532,8168,0.9746,46500,32443,5676,8381,0.1221,0.1802
36042057,3604,2057,45806,31946,5605,8255,0.9746,47000,32779,5751,8470,0.1224,0.1802
36042058,3604,2058,46294,32273,5678,8343,0.9746,47500,33114,5826,8560,0.1227,0.1802
36042059,3604,2059,46781,32601,5750,8429,0.9746,48000,33451,5900,8649,0.1229,0.1802
36042060,3604,2060,47268,32928,5823,8517,0.9746,48500,33786,5975,8739,0.1232,0.1802
36052010,3605,2010,2238,1469,432,337,0.971,2305,1513,445,347,0.1929,0.1505
36052011,3605,2011,2384,1710,351,323,0.971,2455,1761,361,333,0.1469,0.1358
36052012,3605,2012,2340,1679,344,318,0.971,2410,1729,354,327,0.1469,0.1358
36052013,3605,2013,2282,1637,335,310,0.971,2350,1686,345,319,0.1469,0.1358
36052014,3605,2014,2306,1654,339,314,0.971,2375,1703,349,323,0.1469,0.1358
36052015,3605,2015,2403,1724,353,326,0.971,2475,1775,364,336,0.1469,0.1358
36052016,3605,2016,2531,1816,372,344,0.971,2607,1870,383,354,0.1469,0.1358
36052017,3605,2017,3582,2569,526,486,0.971,3689,2646,542,501,0.1469,0.1358
36052018,3605,2018,3618,2595,531,491,0.971,3726,2673,547,506,0.1469,0.1358
36052019,3605,2019,3683,2642,541,500,0.971,3793,2721,557,515,0.1469,0.1358
36052020,3605,2020,3289,2359,484,447,0.971,3387,2429,498,460,0.1469,0.1358
36052021,3605,2021,3566,2558,523,485,0.971,3672,2634,539,499,0.1468,0.1359
36052022,3605,2022,3600,2582,529,489,0.971,3708,2659,545,504,0.1469,0.1358
36052023,3605,2023,3534,2535,519,480,0.971,3640,2611,535,494,0.1469,0.1358
36052024,3605,2024,3573,2562,525,486,0.971,3680,2639,541,500,0.1469,0.1358
36052025,3605,2025,3612,2454,635,523,0.971,3720,2527,654,539,0.1758,0.1449
36052026,3605,2026,3651,2480,642,529,0.971,3760,2554,661,545,0.1758,0.1449
36052027,3605,2027,3690,2507,648,535,0.971,3800,2582,667,551,0.1755,0.145
36052028,3605,2028,3729,2533,654,541,0.971,3840,2609,674,557,0.1755,0.1451
36052029,3605,2029,3767,2561,661,546,0.971,3880,2637,681,562,0.1755,0.1448
36052030,3605,2030,3806,2587,668,552,0.971,3920,2664,688,568,0.1755,0.1449
36052031,3605,2031,3845,2613,675,557,0.971,3960,2691,695,574,0.1755,0.1449
36052032,3605,2032,3884,2639,682,563,0.971,4000,2718,702,580,0.1755,0.145
36052033,3605,2033,3933,2672,690,570,0.971,4050,2752,711,587,0.1756,0.1449
36052034,3605,2034,3981,2705,699,577,0.971,4100,2786,720,594,0.1756,0.1449
36052035,3605,2035,4030,2739,707,584,0.971,4150,2821,728,601,0.1754,0.1448
36052036,3605,2036,4078,2771,716,591,0.971,4200,2854,737,609,0.1755,0.145
36052037,3605,2037,4136,2812,725,599,0.971,4260,2896,747,617,0.1754,0.1448
36052038,3605,2038,4195,2851,736,608,0.971,4320,2936,758,626,0.1755,0.1449
36052039,3605,2039,4253,2891,746,617,0.971,4380,2977,768,635,0.1753,0.145
36052040,3605,2040,4311,2930,756,624,0.971,4440,3018,779,643,0.1755,0.1448
36052041,3605,2041,4370,2970,766,633,0.971,4500,3059,789,652,0.1753,0.1449
36052042,3605,2042,4428,3010,776,642,0.971,4560,3100,799,661,0.1752,0.145
36052043,3605,2043,4486,3050,787,650,0.971,4620,3141,810,669,0.1753,0.1448
36052044,3605,2044,4544,3090,796,658,0.971,4680,3182,820,678,0.1752,0.1449
36052045,3605,2045,4603,3129,807,667,0.971,4740,3222,831,687,0.1753,0.1449
36052046,3605,2046,4661,3169,817,675,0.971,4800,3264,841,695,0.1752,0.1448
36052047,3605,2047,4715,3206,826,683,0.971,4856,3302,851,703,0.1752,0.1448
36052048,3605,2048,4769,3243,835,690,0.971,4911,3340,860,711,0.1751,0.1448
36052049,3605,2049,4823,3280,845,698,0.971,4967,3378,870,719,0.1752,0.1448
36052050,3605,2050,4876,3316,854,706,0.971,5022,3415,880,727,0.1752,0.1448
36052051,3605,2051,4931,3354,863,714,0.971,5078,3454,889,735,0.1751,0.1447
36052052,3605,2052,4984,3390,873,721,0.971,5133,3491,899,743,0.1751,0.1447
36052053,3605,2053,5039,3427,883,729,0.971,5189,3529,909,751,0.1752,0.1447
36052054,3605,2054,5092,3464,891,737,0.971,5244,3567,918,759,0.1751,0.1447
36052055,3605,2055,5146,3500,901,745,0.971,5300,3605,928,767,0.1751,0.1447
36052056,3605,2056,5185,3527,908,751,0.971,5340,3632,935,773,0.1751,0.1448
36052057,3605,2057,5224,3553,915,756,0.971,5380,3659,942,779,0.1751,0.1448
36052058,3605,2058,5263,3579,921,762,0.971,5420,3686,949,785,0.1751,0.1448
36052059,3605,2059,5302,3606,928,767,0.971,5460,3714,956,790,0.1751,0.1447
36052060,3605,2060,5340,3633,934,773,0.971,5500,3742,962,796,0.1749,0.1447
36062010,3606,2010,16561,12214,1875,2472,1.0182,16265,11996,1841,2428,0.1132,0.1493
36062011,3606,2011,16576,12226,1877,2474,1.0182,16280,12007,1843,2430,0.1132,0.1493
36062012,3606,2012,16795,12387,1901,2507,1.0182,16495,12166,1867,2462,0.1132,0.1493
36062013,3606,2013,16760,12361,1897,2502,1.0182,16460,12140,1863,2457,0.1132,0.1493
36062014,3606,2014,17396,12830,1969,2596,1.0182,17085,12601,1934,2550,0.1132,0.1493
36062015,3606,2015,18735,13818,2120,2797,1.0182,18400,13571,2082,2747,0.1132,0.1493
36062016,3606,2016,19597,14454,2218,2925,1.0182,19247,14196,2178,2873,0.1132,0.1493
36062017,3606,2017,19989,14744,2262,2983,1.0182,19632,14480,2222,2930,0.1132,0.1493
36062018,3606,2018,20209,14905,2287,3017,1.0182,19848,14639,2246,2963,0.1132,0.1493
36062019,3606,2019,20169,14875,2283,3011,1.0182,19808,14609,2242,2957,0.1132,0.1493
36062020,3606,2020,18918,13953,2141,2823,1.0182,18580,13704,2103,2773,0.1132,0.1493
36062021,3606,2021,21283,15698,2409,3177,1.0182,20903,15417,2366,3120,0.1132,0.1493
36062022,3606,2022,21411,15791,2423,3196,1.0182,21028,15509,2380,3139,0.1132,0.1493
36062023,3606,2023,22197,16372,2512,3313,1.0182,21800,16079,2467,3254,0.1132,0.1493
36062024,3606,2024,22502,16597,2547,3359,1.0182,22100,16300,2501,3299,0.1132,0.1493
36062025,3606,2025,22808,16822,2581,3405,1.0182,22400,16521,2535,3344,0.1132,0.1493
36062026,3606,2026,23113,17048,2616,3450,1.0182,22700,16743,2569,3388,0.1132,0.1493
36062027,3606,2027,23419,17273,2650,3495,1.0182,23000,16964,2603,3433,0.1132,0.1493
36062028,3606,2028,23724,17498,2685,3541,1.0182,23300,17185,2637,3478,0.1132,0.1493
36062029,3606,2029,24030,17723,2720,3587,1.0182,23600,17406,2671,3523,0.1132,0.1493
36062030,3606,2030,24335,17948,2754,3633,1.0182,23900,17627,2705,3568,0.1132,0.1493
36062031,3606,2031,24640,18174,2789,3678,1.0182,24200,17849,2739,3612,0.1132,0.1493
36062032,3606,2032,24946,18399,2823,3724,1.0182,24500,18070,2773,3657,0.1132,0.1493
36062033,3606,2033,25328,18681,2866,3781,1.0182,24875,18347,2815,3713,0.1132,0.1493
36062034,3606,2034,25710,18962,2910,3838,1.0182,25250,18623,2858,3769,0.1132,0.1493
36062035,3606,2035,26091,19244,2953,3895,1.0182,25625,18900,2900,3825,0.1132,0.1493
36062036,3606,2036,26473,19525,2997,3952,1.0182,26000,19176,2943,3881,0.1132,0.1493
36062037,3606,2037,26830,19789,3036,4005,1.0182,26350,19435,2982,3933,0.1132,0.1493
36062038,3606,2038,27186,20051,3077,4058,1.0182,26700,19693,3022,3985,0.1132,0.1493
36062039,3606,2039,27542,20314,3117,4111,1.0182,27050,19951,3061,4038,0.1132,0.1493
36062040,3606,2040,27899,20577,3157,4164,1.0182,27400,20209,3101,4090,0.1132,0.1493
36062041,3606,2041,28255,20839,3198,4217,1.0182,27750,20467,3141,4142,0.1132,0.1493
36062042,3606,2042,28611,21103,3238,4270,1.0182,28100,20726,3180,4194,0.1132,0.1493
36062043,3606,2043,28968,21365,3279,4324,1.0182,28450,20983,3220,4247,0.1132,0.1493
36062044,3606,2044,29324,21628,3319,4377,1.0182,28800,21241,3260,4299,0.1132,0.1493
36062045,3606,2045,29681,21891,3359,4430,1.0182,29150,21500,3299,4351,0.1132,0.1493
36062046,3606,2046,30037,22154,3400,4483,1.0182,29500,21758,3339,4403,0.1132,0.1493
36062047,3606,2047,30376,22404,3437,4534,1.0182,29833,22004,3376,4453,0.1132,0.1493
36062048,3606,2048,30716,22655,3476,4585,1.0182,30167,22250,3414,4503,0.1132,0.1493
36062049,3606,2049,31055,22904,3515,4636,1.0182,30500,22495,3452,4553,0.1132,0.1493
36062050,3606,2050,31394,23155,3554,4686,1.0182,30833,22741,3490,4602,0.1132,0.1493
36062051,3606,2051,31734,23406,3591,4737,1.0182,31167,22988,3527,4652,0.1132,0.1493
36062052,3606,2052,32073,23656,3630,4788,1.0182,31500,23233,3565,4702,0.1132,0.1493
36062053,3606,2053,32412,23905,3669,4838,1.0182,31833,23478,3603,4752,0.1132,0.1493
36062054,3606,2054,32752,24156,3707,4889,1.0182,32167,23724,3641,4802,0.1132,0.1493
36062055,3606,2055,33092,24407,3745,4939,1.0182,32500,23971,3678,4851,0.1132,0.1493
36062056,3606,2056,33499,24707,3792,5000,1.0182,32900,24265,3724,4911,0.1132,0.1493
36062057,3606,2057,33906,25007,3838,5061,1.0182,33300,24560,3769,4971,0.1132,0.1493
36062058,3606,2058,34313,25308,3883,5122,1.0182,33700,24856,3814,5030,0.1132,0.1493
36062059,3606,2059,34721,25609,3929,5183,1.0182,34100,25151,3859,5090,0.1132,0.1493
36062060,3606,2060,35128,25908,3976,5244,1.0182,34500,25445,3905,5150,0.1132,0.1493
36072010,3607,2010,1748,1748,0,0,1.0404,1680,1680,0,0,0.0,0.0
36072011,3607,2011,1743,1743,0,0,1.0404,1675,1675,0,0,0.0,0.0
36072012,3607,2012,1706,1706,0,0,1.0404,1640,1640,0,0,0.0,0.0
36072013,3607,2013,1763,1763,0,0,1.0404,1695,1695,0,0,0.0,0.0
36072014,3607,2014,1795,1795,0,0,1.0404,1725,1725,0,0,0.0,0.0
36072015,3607,2015,1899,1899,0,0,1.0404,1825,1825,0,0,0.0,0.0
36072016,3607,2016,1992,1992,0,0,1.0404,1915,1915,0,0,0.0,0.0
36072017,3607,2017,2044,2044,0,0,1.0404,1965,1965,0,0,0.0,0.0
36072018,3607,2018,2127,2127,0,0,1.0404,2044,2044,0,0,0.0,0.0
36072019,3607,2019,2153,2153,0,0,1.0404,2069,2069,0,0,0.0,0.0
36072020,3607,2020,2151,2151,0,0,1.0404,2067,2067,0,0,0.0,0.0
36072021,3607,2021,2306,2306,0,0,1.0404,2216,2216,0,0,0.0,0.0
36072022,3607,2022,2280,2280,0,0,1.0404,2191,2191,0,0,0.0,0.0
36072023,3607,2023,2330,2330,0,0,1.0404,2240,2240,0,0,0.0,0.0
36072024,3607,2024,2372,2372,0,0,1.0404,2280,2280,0,0,0.0,0.0
36072025,3607,2025,2414,2414,0,0,1.0404,2320,2320,0,0,0.0,0.0
36072026,3607,2026,2455,2455,0,0,1.0404,2360,2360,0,0,0.0,0.0
36072027,3607,2027,2497,2497,0,0,1.0404,2400,2400,0,0,0.0,0.0
36072028,3607,2028,2539,2539,0,0,1.0404,2440,2440,0,0,0.0,0.0
36072029,3607,2029,2580,2580,0,0,1.0404,2480,2480,0,0,0.0,0.0
36072030,3607,2030,2622,2622,0,0,1.0404,2520,2520,0,0,0.0,0.0
36072031,3607,2031,2663,2663,0,0,1.0404,2560,2560,0,0,0.0,0.0
36072032,3607,2032,2705,2705,0,0,1.0404,2600,2600,0,0,0.0,0.0
36072033,3607,2033,2757,2757,0,0,1.0404,2650,2650,0,0,0.0,0.0
36072034,3607,2034,2809,2809,0,0,1.0404,2700,2700,0,0,0.0,0.0
36072035,3607,2035,2861,2861,0,0,1.0404,2750,2750,0,0,0.0,0.0
36072036,3607,2036,2913,2913,0,0,1.0404,2800,2800,0,0,0.0,0.0
36072037,3607,2037,2955,2955,0,0,1.0404,2840,2840,0,0,0.0,0.0
36072038,3607,2038,2996,2996,0,0,1.0404,2880,2880,0,0,0.0,0.0
36072039,3607,2039,3038,3038,0,0,1.0404,2920,2920,0,0,0.0,0.0
36072040,3607,2040,3080,3080,0,0,1.0404,2960,2960,0,0,0.0,0.0
36072041,3607,2041,3121,3121,0,0,1.0404,3000,3000,0,0,0.0,0.0
36072042,3607,2042,3163,3163,0,0,1.0404,3040,3040,0,0,0.0,0.0
36072043,3607,2043,3204,3204,0,0,1.0404,3080,3080,0,0,0.0,0.0
36072044,3607,2044,3246,3246,0,0,1.0404,3120,3120,0,0,0.0,0.0
36072045,3607,2045,3288,3288,0,0,1.0404,3160,3160,0,0,0.0,0.0
36072046,3607,2046,3329,3329,0,0,1.0404,3200,3200,0,0,0.0,0.0
36072047,3607,2047,3375,3375,0,0,1.0404,3244,3244,0,0,0.0,0.0
36072048,3607,2048,3422,3422,0,0,1.0404,3289,3289,0,0,0.0,0.0
36072049,3607,2049,3468,3468,0,0,1.0404,3333,3333,0,0,0.0,0.0
36072050,3607,2050,3514,3514,0,0,1.0404,3378,3378,0,0,0.0,0.0
36072051,3607,2051,3560,3560,0,0,1.0404,3422,3422,0,0,0.0,0.0
36072052,3607,2052,3607,3607,0,0,1.0404,3467,3467,0,0,0.0,0.0
36072053,3607,2053,3653,3653,0,0,1.0404,3511,3511,0,0,0.0,0.0
36072054,3607,2054,3700,3700,0,0,1.0404,3556,3556,0,0,0.0,0.0
36072055,3607,2055,3745,3745,0,0,1.0404,3600,3600,0,0,0.0,0.0
36072056,3607,2056,3787,3787,0,0,1.0404,3640,3640,0,0,0.0,0.0
36072057,3607,2057,3829,3829,0,0,1.0404,3680,3680,0,0,0.0,0.0
36072058,3607,2058,3870,3870,0,0,1.0404,3720,3720,0,0,0.0,0.0
36072059,3607,2059,3912,3912,0,0,1.0404,3760,3760,0,0,0.0,0.0
36072060,3607,2060,3954,3954,0,0,1.0404,3800,3800,0,0,0.0,0.0
36082010,3608,2010,7341,6224,932,184,0.971,7560,6410,960,190,0.127,0.0251
36082011,3608,2011,7457,6355,934,168,0.971,7680,6545,962,173,0.1253,0.0226
36082012,3608,2012,6918,6126,652,141,0.971,7125,6309,671,145,0.0942,0.0203
36082013,3608,2013,5758,5096,452,211,0.971,5930,5248,465,217,0.0783,0.0366
36082014,3608,2014,7171,6423,476,272,0.971,7385,6615,490,280,0.0664,0.0379
36082015,3608,2015,7550,6769,538,243,0.971,7775,6971,554,250,0.0713,0.0321
36082016,3608,2016,7919,7126,540,252,0.971,8155,7339,556,260,0.0682,0.0318
36082017,3608,2017,6746,6113,418,215,0.971,6947,6296,430,221,0.0619,0.0318
36082018,3608,2018,6975,6457,326,191,0.971,7183,6650,336,197,0.0468,0.0274
36082019,3608,2019,7065,6669,298,98,0.971,7276,6868,307,101,0.0422,0.0139
36082020,3608,2020,7460,7030,323,107,0.971,7683,7240,333,110,0.0434,0.0144
36082021,3608,2021,6602,6210,296,96,0.971,6799,6395,305,99,0.0449,0.0146
36082022,3608,2022,6926,6514,311,101,0.971,7133,6709,320,104,0.0449,0.0146
36082023,3608,2023,8972,7986,794,192,0.971,9240,8224,818,198,0.0885,0.0214
36082024,3608,2024,9011,7869,923,218,0.971,9280,8104,951,225,0.1025,0.0242
36082025,3608,2025,9050,7808,1019,223,0.971,9320,8041,1049,230,0.1126,0.0247
36082026,3608,2026,9089,7841,1023,224,0.971,9360,8075,1054,231,0.1126,0.0247
36082027,3608,2027,9127,7874,1028,225,0.971,9400,8109,1059,232,0.1127,0.0247
36082028,3608,2028,9166,7907,1033,226,0.971,9440,8143,1064,233,0.1127,0.0247
36082029,3608,2029,9205,7940,1038,227,0.971,9480,8177,1069,234,0.1128,0.0247
36082030,3608,2030,9244,7973,1044,227,0.971,9520,8211,1075,234,0.1129,0.0246
36082031,3608,2031,9283,8006,1049,228,0.971,9560,8245,1080,235,0.113,0.0246
36082032,3608,2032,9322,8039,1054,229,0.971,9600,8279,1085,236,0.113,0.0246
36082033,3608,2033,9394,8101,1062,231,0.971,9675,8343,1094,238,0.1131,0.0246
36082034,3608,2034,9467,8162,1072,233,0.971,9750,8406,1104,240,0.1132,0.0246
36082035,3608,2035,9540,8224,1081,235,0.971,9825,8470,1113,242,0.1133,0.0246
36082036,3608,2036,9613,8287,1090,236,0.971,9900,8534,1123,243,0.1134,0.0245
36082037,3608,2037,9671,8336,1097,238,0.971,9960,8585,1130,245,0.1135,0.0246
36082038,3608,2038,9729,8386,1105,239,0.971,10020,8636,1138,246,0.1136,0.0246
36082039,3608,2039,9788,8434,1113,241,0.971,10080,8686,1146,248,0.1137,0.0246
36082040,3608,2040,9846,8485,1120,242,0.971,10140,8738,1153,249,0.1137,0.0246
36082041,3608,2041,9904,8533,1127,244,0.971,10200,8788,1161,251,0.1138,0.0246
36082042,3608,2042,9962,8584,1134,245,0.971,10260,8840,1168,252,0.1138,0.0246
36082043,3608,2043,10021,8633,1142,246,0.971,10320,8891,1176,253,0.114,0.0245
36082044,3608,2044,10079,8682,1150,248,0.971,10380,8941,1184,255,0.1141,0.0246
36082045,3608,2045,10137,8732,1156,249,0.971,10440,8993,1191,256,0.1141,0.0245
36082046,3608,2046,10196,8781,1164,251,0.971,10500,9043,1199,258,0.1142,0.0246
36082047,3608,2047,10250,8827,1171,251,0.971,10556,9091,1206,259,0.1142,0.0245
36082048,3608,2048,10303,8873,1178,252,0.971,10611,9138,1213,260,0.1143,0.0245
36082049,3608,2049,10358,8919,1185,254,0.971,10667,9185,1220,262,0.1144,0.0246
36082050,3608,2050,10411,8964,1191,255,0.971,10722,9232,1227,263,0.1144,0.0245
36082051,3608,2051,10465,9011,1198,256,0.971,10778,9280,1234,264,0.1145,0.0245
36082052,3608,2052,10519,9056,1205,258,0.971,10833,9326,1241,266,0.1146,0.0246
36082053,3608,2053,10573,9102,1212,259,0.971,10889,9374,1248,267,0.1146,0.0245
36082054,3608,2054,10627,9148,1219,260,0.971,10944,9421,1255,268,0.1147,0.0245
36082055,3608,2055,10681,9193,1225,262,0.971,11000,9468,1262,270,0.1147,0.0245
36082056,3608,2056,10778,9276,1238,264,0.971,11100,9553,1275,272,0.1149,0.0245
36082057,3608,2057,10875,9358,1251,266,0.971,11200,9638,1288,274,0.115,0.0245
36082058,3608,2058,10972,9441,1262,269,0.971,11300,9723,1300,277,0.115,0.0245
36082059,3608,2059,11069,9524,1275,271,0.971,11400,9808,1313,279,0.1152,0.0245
36082060,3608,2060,11166,9606,1288,273,0.971,11500,9893,1326,281,0.1153,0.0244
36092010,3609,2010,14662,10627,1241,2794,1.007,14560,10553,1232,2775,0.0846,0.1906
36092011,3609,2011,17970,13199,1344,3427,1.007,17845,13107,1335,3403,0.0748,0.1907
36092012,3609,2012,18242,11856,2820,3566,1.007,18115,11774,2800,3541,0.1545,0.1955
36092013,3609,2013,18569,12129,2864,3576,1.007,18440,12045,2844,3551,0.1542,0.1926
36092014,3609,2014,19128,12558,2864,3706,1.007,18995,12471,2844,3680,0.1497,0.1937
36092015,3609,2015,20216,13340,3016,3860,1.007,20075,13247,2995,3833,0.1492,0.1909
36092016,3609,2016,21268,13998,3222,4047,1.007,21120,13901,3200,4019,0.1515,0.1903
36092017,3609,2017,21715,15501,2126,4088,1.007,21564,15393,2111,4060,0.0979,0.1883
36092018,3609,2018,22301,15843,2206,4252,1.007,22146,15733,2191,4222,0.0989,0.1907
36092019,3609,2019,22725,16046,2200,4479,1.007,22567,15934,2185,4448,0.0968,0.1971
36092020,3609,2020,19544,13288,2216,4039,1.007,19408,13196,2201,4011,0.1134,0.2067
36092021,3609,2021,22573,15553,2450,4570,1.007,22416,15445,2433,4538,0.1085,0.2024
36092022,3609,2022,23273,16034,2527,4712,1.007,23111,15923,2509,4679,0.1086,0.2025
36092023,3609,2023,23664,16747,2164,4753,1.007,23500,16631,2149,4720,0.0915,0.2008
36092024,3609,2024,24168,17349,1960,4860,1.007,24000,17228,1946,4826,0.0811,0.2011
36092025,3609,2025,24671,17137,2702,4833,1.007,24500,17018,2683,4799,0.1095,0.1959
36092026,3609,2026,25175,17481,2762,4932,1.007,25000,17359,2743,4898,0.1097,0.1959
36092027,3609,2027,25678,17825,2822,5032,1.007,25500,17701,2802,4997,0.1099,0.196
36092028,3609,2028,26182,18168,2882,5132,1.007,26000,18042,2862,5096,0.1101,0.196
36092029,3609,2029,26685,18512,2941,5232,1.007,26500,18383,2921,5196,0.1102,0.1961
36092030,3609,2030,27189,18855,3002,5332,1.007,27000,18724,2981,5295,0.1104,0.1961
36092031,3609,2031,27692,19199,3061,5432,1.007,27500,19066,3040,5394,0.1105,0.1961
36092032,3609,2032,28196,19543,3122,5531,1.007,28000,19407,3100,5493,0.1107,0.1962
36092033,3609,2033,28699,19887,3181,5631,1.007,28500,19749,3159,5592,0.1108,0.1962
36092034,3609,2034,29203,20231,3242,5731,1.007,29000,20090,3219,5691,0.111,0.1962
36092035,3609,2035,29706,20574,3301,5832,1.007,29500,20431,3278,5791,0.1111,0.1963
36092036,3609,2036,30210,20917,3361,5931,1.007,30000,20772,3338,5890,0.1113,0.1963
36092037,3609,2037,30713,21262,3421,6031,1.007,30500,21114,3397,5989,0.1114,0.1964
36092038,3609,2038,31217,21605,3481,6131,1.007,31000,21455,3457,6088,0.1115,0.1964
36092039,3609,2039,31720,21950,3541,6230,1.007,31500,21797,3516,6187,0.1116,0.1964
36092040,3609,2040,32224,22293,3600,6331,1.007,32000,22138,3575,6287,0.1117,0.1965
36092041,3609,2041,32727,22636,3660,6431,1.007,32500,22479,3635,6386,0.1118,0.1965
36092042,3609,2042,33231,22981,3720,6530,1.007,33000,22821,3694,6485,0.1119,0.1965
36092043,3609,2043,33734,23324,3780,6630,1.007,33500,23162,3754,6584,0.1121,0.1965
36092044,3609,2044,34238,23669,3840,6730,1.007,34000,23504,3813,6683,0.1121,0.1966
36092045,3609,2045,34742,24011,3900,6830,1.007,34500,23844,3873,6783,0.1123,0.1966
36092046,3609,2046,35245,24355,3960,6930,1.007,35000,24186,3932,6882,0.1123,0.1966
36092047,3609,2047,35805,24738,4026,7041,1.007,35556,24566,3998,6992,0.1124,0.1966
36092048,3609,2048,36364,25120,4092,7152,1.007,36111,24945,4064,7102,0.1125,0.1967
36092049,3609,2049,36924,25502,4159,7262,1.007,36667,25325,4130,7212,0.1126,0.1967
36092050,3609,2050,37483,25884,4225,7373,1.007,37222,25704,4196,7322,0.1127,0.1967
36092051,3609,2051,38042,26265,4293,7485,1.007,37778,26082,4263,7433,0.1128,0.1968
36092052,3609,2052,38601,26646,4359,7596,1.007,38333,26461,4329,7543,0.1129,0.1968
36092053,3609,2053,39161,27029,4426,7707,1.007,38889,26841,4395,7653,0.113,0.1968
36092054,3609,2054,39720,27411,4492,7817,1.007,39444,27220,4461,7763,0.1131,0.1968
36092055,3609,2055,40280,27792,4559,7929,1.007,40000,27599,4527,7874,0.1132,0.1968
36092056,3609,2056,40783,28137,4618,8029,1.007,40500,27941,4586,7973,0.1132,0.1969
36092057,3609,2057,41287,28480,4679,8129,1.007,41000,28282,4646,8072,0.1133,0.1969
36092058,3609,2058,41790,28824,4738,8228,1.007,41500,28624,4705,8171,0.1134,0.1969
36092059,3609,2059,42294,29168,4798,8328,1.007,42000,28965,4765,8270,0.1135,0.1969
36092060,3609,2060,42797,29512,4858,8428,1.007,42500,29307,4824,8369,0.1135,0.1969
36102010,3610,2010,2304,2304,0,0,1.0404,2215,2215,0,0,0.0,0.0
36102011,3610,2011,1888,1888,0,0,1.0404,1815,1815,0,0,0.0,0.0
36102012,3610,2012,1852,1852,0,0,1.0404,1780,1780,0,0,0.0,0.0
36102013,3610,2013,1805,1805,0,0,1.0404,1735,1735,0,0,0.0,0.0
36102014,3610,2014,1826,1826,0,0,1.0404,1755,1755,0,0,0.0,0.0
36102015,3610,2015,1904,1904,0,0,1.0404,1830,1830,0,0,0.0,0.0
36102016,3610,2016,2003,2003,0,0,1.0404,1925,1925,0,0,0.0,0.0
36102017,3610,2017,2652,2652,0,0,1.0404,2549,2549,0,0,0.0,0.0
36102018,3610,2018,2678,2678,0,0,1.0404,2574,2574,0,0,0.0,0.0
36102019,3610,2019,2726,2726,0,0,1.0404,2620,2620,0,0,0.0,0.0
36102020,3610,2020,2435,2435,0,0,1.0404,2340,2340,0,0,0.0,0.0
36102021,3610,2021,2639,2639,0,0,1.0404,2537,2537,0,0,0.0,0.0
36102022,3610,2022,2666,2666,0,0,1.0404,2562,2562,0,0,0.0,0.0
36102023,3610,2023,104,104,0,0,1.0404,100,100,0,0,0.0,0.0
36102024,3610,2024,104,104,0,0,1.0404,100,100,0,0,0.0,0.0
36102025,3610,2025,104,104,0,0,1.0404,100,100,0,0,0.0,0.0
36102026,3610,2026,104,104,0,0,1.0404,100,100,0,0,0.0,0.0
36102027,3610,2027,104,104,0,0,1.0404,100,100,0,0,0.0,0.0
36102028,3610,2028,104,104,0,0,1.0404,100,100,0,0,0.0,0.0
36102029,3610,2029,104,104,0,0,1.0404,100,100,0,0,0.0,0.0
36102030,3610,2030,104,104,0,0,1.0404,100,100,0,0,0.0,0.0
36102031,3610,2031,104,104,0,0,1.0404,100,100,0,0,0.0,0.0
36102032,3610,2032,104,104,0,0,1.0404,100,100,0,0,0.0,0.0
36102033,3610,2033,104,104,0,0,1.0404,100,100,0,0,0.0,0.0
36102034,3610,2034,104,104,0,0,1.0404,100,100,0,0,0.0,0.0
36102035,3610,2035,104,104,0,0,1.0404,100,100,0,0,0.0,0.0
36102036,3610,2036,104,104,0,0,1.0404,100,100,0,0,0.0,0.0
36102037,3610,2037,109,109,0,0,1.0404,105,105,0,0,0.0,0.0
36102038,3610,2038,114,114,0,0,1.0404,110,110,0,0,0.0,0.0
36102039,3610,2039,120,120,0,0,1.0404,115,115,0,0,0.0,0.0
36102040,3610,2040,125,125,0,0,1.0404,120,120,0,0,0.0,0.0
36102041,3610,2041,130,130,0,0,1.0404,125,125,0,0,0.0,0.0
36102042,3610,2042,135,135,0,0,1.0404,130,130,0,0,0.0,0.0
36102043,3610,2043,140,140,0,0,1.0404,135,135,0,0,0.0,0.0
36102044,3610,2044,146,146,0,0,1.0404,140,140,0,0,0.0,0.0
36102045,3610,2045,151,151,0,0,1.0404,145,145,0,0,0.0,0.0
36102046,3610,2046,156,156,0,0,1.0404,150,150,0,0,0.0,0.0
36102047,3610,2047,156,156,0,0,1.0404,150,150,0,0,0.0,0.0
36102048,3610,2048,156,156,0,0,1.0404,150,150,0,0,0.0,0.0
36102049,3610,2049,156,156,0,0,1.0404,150,150,0,0,0.0,0.0
36102050,3610,2050,156,156,0,0,1.0404,150,150,0,0,0.0,0.0
36102051,3610,2051,156,156,0,0,1.0404,150,150,0,0,0.0,0.0
36102052,3610,2052,156,156,0,0,1.0404,150,150,0,0,0.0,0.0
36102053,3610,2053,156,156,0,0,1.0404,150,150,0,0,0.0,0.0
36102054,3610,2054,156,156,0,0,1.0404,150,150,0,0,0.0,0.0
36102055,3610,2055,156,156,0,0,1.0404,150,150,0,0,0.0,0.0
36102056,3610,2056,166,166,0,0,1.0404,160,160,0,0,0.0,0.0
36102057,3610,2057,177,177,0,0,1.0404,170,170,0,0,0.0,0.0
36102058,3610,2058,187,187,0,0,1.0404,180,180,0,0,0.0,0.0
36102059,3610,2059,198,198,0,0,1.0404,190,190,0,0,0.0,0.0
36102060,3610,2060,208,208,0,0,1.0404,200,200,0,0,0.0,0.0
36122010,3612,2010,37983,29771,3779,4432,1.0789,35205,27594,3503,4108,0.0995,0.1167
36122011,3612,2011,37427,22120,10382,4925,1.0789,34690,20502,9623,4565,0.2774,0.1316
36122012,3612,2012,37826,22276,10564,4987,1.0789,35060,20647,9791,4622,0.2792,0.1318
36122013,3612,2013,37923,24127,9171,4625,1.0789,35150,22363,8500,4287,0.2418,0.122
36122014,3612,2014,39369,31436,3823,4111,1.0789,36490,29137,3543,3810,0.0971,0.1044
36122015,3612,2015,41829,31343,6116,4370,1.0789,38770,29051,5669,4050,0.1462,0.1045
36122016,3612,2016,45033,34199,6110,4725,1.0789,41740,31698,5663,4379,0.1357,0.1049
36122017,3612,2017,47406,39133,3605,4668,1.0789,43939,36271,3341,4327,0.076,0.0985
36122018,3612,2018,48995,40577,3788,4630,1.0789,45412,37610,3511,4291,0.0773,0.0945
36122019,3612,2019,51160,43967,2600,4593,1.0789,47419,40752,2410,4257,0.0508,0.0898
36122020,3612,2020,43998,36760,2711,4526,1.0789,40780,34072,2513,4195,0.0616,0.1029
36122021,3612,2021,54990,46324,3294,5373,1.0789,50969,42936,3053,4980,0.0599,0.0977
36122022,3612,2022,56475,47573,3383,5519,1.0789,52345,44094,3136,5115,0.0599,0.0977
36122023,3612,2023,58692,49805,3584,5303,1.0789,54400,46163,3322,4915,0.0611,0.0904
36122024,3612,2024,59124,50216,3641,5266,1.0789,54800,46544,3375,4881,0.0616,0.0891
36122025,3612,2025,59555,48284,5293,5978,1.0789,55200,44753,4906,5541,0.0889,0.1004
36122026,3612,2026,59987,48649,5322,6016,1.0789,55600,45091,4933,5576,0.0887,0.1003
36122027,3612,2027,60418,49013,5351,6054,1.0789,56000,45429,4960,5611,0.0886,0.1002
36122028,3612,2028,60850,49378,5382,6090,1.0789,56400,45767,4988,5645,0.0884,0.1001
36122029,3612,2029,61282,49743,5411,6128,1.0789,56800,46105,5015,5680,0.0883,0.1
36122030,3612,2030,61713,50107,5440,6166,1.0789,57200,46443,5042,5715,0.0881,0.0999
36122031,3612,2031,62145,50472,5469,6204,1.0789,57600,46781,5069,5750,0.088,0.0998
36122032,3612,2032,62576,50837,5499,6240,1.0789,58000,47119,5097,5784,0.0879,0.0997
36122033,3612,2033,63251,51406,5544,6300,1.0789,58625,47647,5139,5839,0.0877,0.0996
36122034,3612,2034,63925,51976,5591,6358,1.0789,59250,48175,5182,5893,0.0875,0.0995
36122035,3612,2035,64599,52547,5636,6416,1.0789,59875,48704,5224,5947,0.0872,0.0993
36122036,3612,2036,65273,53116,5683,6474,1.0789,60500,49232,5267,6001,0.0871,0.0992
36122037,3612,2037,66029,53754,5734,6540,1.0789,61200,49823,5315,6062,0.0868,0.0991
36122038,3612,2038,66784,54392,5786,6606,1.0789,61900,50414,5363,6123,0.0866,0.0989
36122039,3612,2039,67539,55030,5837,6672,1.0789,62600,51006,5410,6184,0.0864,0.0988
36122040,3612,2040,68294,55669,5889,6737,1.0789,63300,51598,5458,6244,0.0862,0.0986
36122041,3612,2041,69050,56307,5940,6802,1.0789,64000,52189,5506,6305,0.086,0.0985
36122042,3612,2042,69805,56945,5991,6868,1.0789,64700,52781,5553,6366,0.0858,0.0984
36122043,3612,2043,70560,57583,6043,6934,1.0789,65400,53372,5601,6427,0.0856,0.0983
36122044,3612,2044,71315,58222,6095,6999,1.0789,66100,53964,5649,6487,0.0855,0.0981
36122045,3612,2045,72071,58859,6146,7065,1.0789,66800,54555,5697,6548,0.0853,0.098
36122046,3612,2046,72826,59498,6197,7130,1.0789,67500,55147,5744,6609,0.0851,0.0979
36122047,3612,2047,73724,60258,6259,7208,1.0789,68333,55851,5801,6681,0.0849,0.0978
36122048,3612,2048,74624,61017,6320,7287,1.0789,69167,56555,5858,6754,0.0847,0.0976
36122049,3612,2049,75523,61777,6382,7365,1.0789,70000,57259,5915,6826,0.0845,0.0975
36122050,3612,2050,76422,62536,6443,7442,1.0789,70833,57963,5972,6898,0.0843,0.0974
36122051,3612,2051,77322,63297,6504,7521,1.0789,71667,58668,6028,6971,0.0841,0.0973
36122052,3612,2052,78220,64056,6565,7599,1.0789,72500,59372,6085,7043,0.0839,0.0971
36122053,3612,2053,79119,64816,6627,7676,1.0789,73333,60076,6142,7115,0.0838,0.097
36122054,3612,2054,80019,65576,6688,7755,1.0789,74167,60780,6199,7188,0.0836,0.0969
36122055,3612,2055,80918,66335,6750,7833,1.0789,75000,61484,6256,7260,0.0834,0.0968
36122056,3612,2056,81889,67156,6815,7917,1.0789,75900,62245,6317,7338,0.0832,0.0967
36122057,3612,2057,82860,67977,6881,8001,1.0789,76800,63006,6378,7416,0.083,0.0966
36122058,3612,2058,83831,68797,6948,8085,1.0789,77700,63766,6440,7494,0.0829,0.0964
36122059,3612,2059,84802,69617,7014,8171,1.0789,78600,64526,6501,7573,0.0827,0.0963
36122060,3612,2060,85773,70437,7081,8255,1.0789,79500,65286,6563,7651,0.0826,0.0962
36132010,3613,2010,696,580,86,29,0.7246,960,801,119,40,0.1239,0.0419
36132011,3613,2011,728,607,91,30,0.7246,1005,838,125,42,0.1239,0.0419
36132012,3613,2012,721,601,89,30,0.7246,995,830,123,42,0.1239,0.0419
36132013,3613,2013,732,611,91,30,0.7246,1010,843,125,42,0.1239,0.0419
36132014,3613,2014,768,641,95,32,0.7246,1060,885,131,44,0.1239,0.0419
36132015,3613,2015,826,689,102,35,0.7246,1140,951,141,48,0.1239,0.0419
36132016,3613,2016,854,712,106,36,0.7246,1178,983,146,49,0.1239,0.0419
36132017,3613,2017,444,370,55,19,0.7246,613,511,76,26,0.1239,0.0419
36132018,3613,2018,461,384,57,20,0.7246,636,530,79,27,0.1239,0.0419
36132019,3613,2019,456,380,57,19,0.7246,629,525,78,26,0.1239,0.0419
36132020,3613,2020,490,409,61,20,0.7246,676,564,84,28,0.1239,0.0419
36132021,3613,2021,515,430,64,22,0.7246,711,593,88,30,0.1238,0.0422
36132022,3613,2022,517,432,64,22,0.7246,714,596,88,30,0.1239,0.0419
36132023,3613,2023,399,333,49,17,0.7246,550,459,68,23,0.1239,0.0419
36132024,3613,2024,399,333,49,17,0.7246,550,459,68,23,0.1239,0.0419
36132025,3613,2025,399,333,49,17,0.7246,550,459,68,23,0.1236,0.0418
36132026,3613,2026,399,333,49,17,0.7246,550,459,68,23,0.1236,0.0418
36132027,3613,2027,399,333,49,17,0.7246,550,459,68,23,0.1236,0.0418
36132028,3613,2028,399,333,49,17,0.7246,550,459,68,23,0.1236,0.0418
36132029,3613,2029,399,333,49,17,0.7246,550,459,68,23,0.1236,0.0418
36132030,3613,2030,399,333,49,17,0.7246,550,459,68,23,0.1236,0.0418
36132031,3613,2031,399,333,49,17,0.7246,550,459,68,23,0.1236,0.0418
36132032,3613,2032,399,333,49,17,0.7246,550,459,68,23,0.1236,0.0418
36132033,3613,2033,399,333,49,17,0.7246,550,459,68,23,0.1236,0.0418
36132034,3613,2034,399,333,49,17,0.7246,550,459,68,23,0.1236,0.0418
36132035,3613,2035,399,333,49,17,0.7246,550,459,68,23,0.1236,0.0418
36132036,3613,2036,399,333,49,17,0.7246,550,459,68,23,0.1236,0.0418
36132037,3613,2037,402,335,50,17,0.7246,555,463,69,23,0.1243,0.0414
36132038,3613,2038,406,339,50,17,0.7246,560,468,69,23,0.1232,0.0411
36132039,3613,2039,409,341,51,17,0.7246,565,471,70,24,0.1239,0.0425
36132040,3613,2040,413,344,51,17,0.7246,570,475,71,24,0.1246,0.0421
36132041,3613,2041,417,348,51,17,0.7246,575,480,71,24,0.1235,0.0417
36132042,3613,2042,420,351,52,17,0.7246,580,484,72,24,0.1241,0.0414
36132043,3613,2043,424,354,52,18,0.7246,585,488,72,25,0.1231,0.0427
36132044,3613,2044,428,357,53,18,0.7246,590,492,73,25,0.1237,0.0424
36132045,3613,2045,431,359,54,18,0.7246,595,496,74,25,0.1244,0.042
36132046,3613,2046,435,363,54,18,0.7246,600,501,74,25,0.1233,0.0417
36132047,3613,2047,439,367,54,18,0.7246,606,506,75,25,0.1238,0.0413
36132048,3613,2048,443,369,55,19,0.7246,611,509,76,26,0.1244,0.0426
36132049,3613,2049,447,373,55,19,0.7246,617,515,76,26,0.1232,0.0421
36132050,3613,2050,451,376,56,19,0.7246,622,519,77,26,0.1238,0.0418
36132051,3613,2051,455,380,57,19,0.7246,628,524,78,26,0.1242,0.0414
36132052,3613,2052,459,383,57,20,0.7246,633,528,78,27,0.1232,0.0427
36132053,3613,2053,463,386,57,20,0.7246,639,533,79,27,0.1236,0.0423
36132054,3613,2054,467,389,58,20,0.7246,644,537,80,27,0.1242,0.0419
36132055,3613,2055,471,393,59,20,0.7246,650,542,81,27,0.1246,0.0415
36132056,3613,2056,478,399,59,20,0.7246,660,550,82,28,0.1242,0.0424
36132057,3613,2057,485,405,60,20,0.7246,670,559,83,28,0.1239,0.0418
36132058,3613,2058,493,411,61,21,0.7246,680,567,84,29,0.1235,0.0426
36132059,3613,2059,500,417,62,21,0.7246,690,576,85,29,0.1232,0.042
36132060,3613,2060,507,423,63,21,0.7246,700,584,87,29,0.1243,0.0414
36142010,3614,2010,45382,32575,4527,8279,1.022,44405,31874,4430,8101,0.0998,0.1824
36142011,3614,2011,46460,33309,5631,7520,1.022,45460,32592,5510,7358,0.1212,0.1619
36142012,3614,2012,46879,28977,9468,8435,1.022,45870,28353,9264,8253,0.202,0.1799
36142013,3614,2013,49225,31460,8986,8778,1.022,48165,30783,8793,8589,0.1826,0.1783
36142014,3614,2014,51488,35894,6879,8716,1.022,50380,35121,6731,8528,0.1336,0.1693
36142015,3614,2015,54115,40511,4783,8821,1.022,52950,39639,4680,8631,0.0884,0.163
36142016,3614,2016,58823,44074,5255,9494,1.022,57557,43125,5142,9290,0.0893,0.1614
36142017,3614,2017,58176,43901,4816,9460,1.022,56924,42956,4712,9256,0.0828,0.1626
36142018,3614,2018,58002,40166,8065,9771,1.022,56753,39301,7891,9561,0.139,0.1685
36142019,3614,2019,58639,39610,8224,10806,1.022,57377,38757,8047,10573,0.1402,0.1843
36142020,3614,2020,52775,39410,7385,5980,1.022,51639,38562,7226,5851,0.1399,0.1133
36142021,3614,2021,60216,46878,6767,6571,1.022,58920,45869,6621,6430,0.1124,0.1091
36142022,3614,2022,61903,48190,6957,6755,1.022,60570,47153,6807,6610,0.1124,0.1091
36142023,3614,2023,62444,48757,7123,6564,1.022,61100,47707,6970,6423,0.1141,0.1051
36142024,3614,2024,63568,49542,7377,6649,1.022,62200,48476,7218,6506,0.116,0.1046
36142025,3614,2025,64693,47472,7558,9663,1.022,63300,46450,7395,9455,0.1168,0.1494
36142026,3614,2026,65817,48319,7701,9797,1.022,64400,47279,7535,9586,0.117,0.1489
36142027,3614,2027,66941,49165,7844,9932,1.022,65500,48107,7675,9718,0.1172,0.1484
36142028,3614,2028,68065,50012,7987,10067,1.022,66600,48935,7815,9850,0.1173,0.1479
36142029,3614,2029,69189,50858,8131,10201,1.022,67700,49763,7956,9981,0.1175,0.1474
36142030,3614,2030,70314,51704,8274,10335,1.022,68800,50591,8096,10113,0.1177,0.147
36142031,3614,2031,71438,52550,8417,10470,1.022,69900,51419,8236,10245,0.1178,0.1466
36142032,3614,2032,72562,53397,8560,10604,1.022,71000,52248,8376,10376,0.118,0.1461
36142033,3614,2033,73584,54167,8690,10727,1.022,72000,53001,8503,10496,0.1181,0.1458
36142034,3614,2034,74606,54936,8821,10850,1.022,73000,53753,8631,10616,0.1182,0.1454
36142035,3614,2035,75628,55705,8951,10972,1.022,74000,54506,8758,10736,0.1184,0.1451
36142036,3614,2036,76650,56475,9081,11094,1.022,75000,55259,8886,10855,0.1185,0.1447
36142037,3614,2037,77723,57283,9217,11223,1.022,76050,56050,9019,10981,0.1186,0.1444
36142038,3614,2038,78796,58090,9354,11351,1.022,77100,56840,9153,11107,0.1187,0.1441
36142039,3614,2039,79869,58899,9491,11479,1.022,78150,57631,9287,11232,0.1188,0.1437
36142040,3614,2040,80942,59706,9628,11608,1.022,79200,58421,9421,11358,0.119,0.1434
36142041,3614,2041,82016,60515,9764,11737,1.022,80250,59212,9554,11484,0.1191,0.1431
36142042,3614,2042,83089,61323,9901,11864,1.022,81300,60003,9688,11609,0.1192,0.1428
36142043,3614,2043,84162,62130,10038,11993,1.022,82350,60793,9822,11735,0.1193,0.1425
36142044,3614,2044,85235,62938,10175,12122,1.022,83400,61583,9956,11861,0.1194,0.1422
36142045,3614,2045,86308,63746,10311,12251,1.022,84450,62374,10089,11987,0.1195,0.1419
36142046,3614,2046,87381,64555,10448,12378,1.022,85500,63165,10223,12112,0.1196,0.1417
36142047,3614,2047,88460,65366,10586,12508,1.022,86556,63959,10358,12239,0.1197,0.1414
36142048,3614,2048,89538,66179,10723,12637,1.022,87611,64754,10492,12365,0.1198,0.1411
36142049,3614,2049,90618,66991,10861,12766,1.022,88667,65549,10627,12491,0.1199,0.1409
36142050,3614,2050,91696,67803,10998,12896,1.022,89722,66343,10761,12618,0.1199,0.1406
36142051,3614,2051,92775,68615,11136,13024,1.022,90778,67138,10896,12744,0.12,0.1404
36142052,3614,2052,93853,69428,11273,13153,1.022,91833,67933,11030,12870,0.1201,0.1401
36142053,3614,2053,94933,70239,11411,13283,1.022,92889,68727,11165,12997,0.1202,0.1399
36142054,3614,2054,96011,71051,11548,13412,1.022,93944,69522,11299,13123,0.1203,0.1397
36142055,3614,2055,97090,71863,11686,13542,1.022,95000,70316,11434,13250,0.1204,0.1395
36142056,3614,2056,98112,72634,11815,13663,1.022,96000,71070,11561,13369,0.1204,0.1393
36142057,3614,2057,99134,73403,11945,13786,1.022,97000,71823,11688,13489,0.1205,0.1391
36142058,3614,2058,100156,74172,12076,13908,1.022,98000,72575,11816,13609,0.1206,0.1389
36142059,3614,2059,101178,74942,12206,14030,1.022,99000,73329,11943,13728,0.1206,0.1387
36142060,3614,2060,102200,75711,12337,14153,1.022,100000,74081,12071,13848,0.1207,0.1385
36152010,3615,2010,2229,2024,112,92,0.984,2265,2057,114,94,0.0505,0.0416
36152011,3615,2011,2096,1925,87,85,0.984,2130,1956,88,86,0.0414,0.0402
36152012,3615,2012,2209,2019,99,91,0.984,2245,2052,101,92,0.045,0.0411
36152013,3615,2013,1378,1261,60,56,0.984,1400,1282,61,57,0.0438,0.0405
36152014,3615,2014,1486,1357,64,65,0.984,1510,1379,65,66,0.043,0.0436
36152015,3615,2015,1707,1578,63,66,0.984,1735,1604,64,67,0.0368,0.0387
36152016,3615,2016,1862,1728,63,71,0.984,1892,1756,64,72,0.034,0.0378
36152017,3615,2017,1889,1796,20,74,0.984,1920,1825,20,75,0.0102,0.0391
36152018,3615,2018,1944,1894,26,25,0.984,1976,1925,26,25,0.0131,0.0125
36152019,3615,2019,2178,2122,29,28,0.984,2213,2156,29,28,0.0131,0.0125
36152020,3615,2020,2596,2268,285,42,0.984,2638,2305,290,43,0.1101,0.0163
36152021,3615,2021,2645,2300,306,39,0.984,2688,2337,311,40,0.1157,0.0149
36152022,3615,2022,2759,2399,320,40,0.984,2804,2438,325,41,0.1157,0.0148
36152023,3615,2023,453,400,43,9,0.984,460,407,44,9,0.0953,0.0202
36152024,3615,2024,462,404,48,10,0.984,470,411,49,10,0.1045,0.0212
36152025,3615,2025,472,437,27,9,0.984,480,444,27,9,0.0562,0.0188
36152026,3615,2026,482,447,27,9,0.984,490,454,27,9,0.0551,0.0184
36152027,3615,2027,492,455,28,10,0.984,500,462,28,10,0.056,0.02
36152028,3615,2028,502,464,28,10,0.984,510,472,28,10,0.0549,0.0196
36152029,3615,2029,512,472,29,11,0.984,520,480,29,11,0.0558,0.0212
36152030,3615,2030,522,482,29,11,0.984,530,490,29,11,0.0547,0.0208
36152031,3615,2031,531,491,30,11,0.984,540,499,30,11,0.0556,0.0204
36152032,3615,2032,541,500,30,12,0.984,550,508,30,12,0.0545,0.0218
36152033,3615,2033,541,500,30,12,0.984,550,508,30,12,0.0545,0.0218
36152034,3615,2034,541,500,30,12,0.984,550,508,30,12,0.0545,0.0218
36152035,3615,2035,541,500,30,12,0.984,550,508,30,12,0.0545,0.0218
36152036,3615,2036,541,500,30,12,0.984,550,508,30,12,0.0545,0.0218
36152037,3615,2037,546,504,31,12,0.984,555,512,31,12,0.0559,0.0216
36152038,3615,2038,551,509,31,12,0.984,560,517,31,12,0.0554,0.0214
36152039,3615,2039,556,513,31,13,0.984,565,521,31,13,0.0549,0.023
36152040,3615,2040,561,518,31,13,0.984,570,526,31,13,0.0544,0.0228
36152041,3615,2041,566,522,31,13,0.984,575,530,32,13,0.0557,0.0226
36152042,3615,2042,571,526,31,13,0.984,580,535,32,13,0.0552,0.0224
36152043,3615,2043,576,531,31,13,0.984,585,540,32,13,0.0547,0.0222
36152044,3615,2044,581,535,31,14,0.984,590,544,32,14,0.0542,0.0237
36152045,3615,2045,585,539,32,14,0.984,595,548,33,14,0.0555,0.0235
36152046,3615,2046,590,544,32,14,0.984,600,553,33,14,0.055,0.0233
36152047,3615,2047,601,554,32,15,0.984,611,563,33,15,0.054,0.0245
36152048,3615,2048,612,564,33,15,0.984,622,573,34,15,0.0547,0.0241
36152049,3615,2049,623,574,34,15,0.984,633,583,35,15,0.0553,0.0237
36152050,3615,2050,634,584,34,16,0.984,644,593,35,16,0.0543,0.0248
36152051,3615,2051,646,594,35,16,0.984,656,604,36,16,0.0549,0.0244
36152052,3615,2052,656,604,35,17,0.984,667,614,36,17,0.054,0.0255
36152053,3615,2053,667,614,36,17,0.984,678,624,37,17,0.0546,0.0251
36152054,3615,2054,678,624,36,18,0.984,689,634,37,18,0.0537,0.0261
36152055,3615,2055,689,634,37,18,0.984,700,644,38,18,0.0543,0.0257
36152056,3615,2056,699,642,38,19,0.984,710,652,39,19,0.0549,0.0268
36152057,3615,2057,708,651,38,19,0.984,720,662,39,19,0.0542,0.0264
36152058,3615,2058,718,659,39,20,0.984,730,670,40,20,0.0548,0.0274
36152059,3615,2059,728,669,39,20,0.984,740,680,40,20,0.0541,0.027
36152060,3615,2060,738,678,40,20,0.984,750,689,41,20,0.0547,0.0267
36162010,3616,2010,437,437,0,0,1.0404,420,420,0,0,0.0,0.0
36162011,3616,2011,437,437,0,0,1.0404,420,420,0,0,0.0,0.0
36162012,3616,2012,427,427,0,0,1.0404,410,410,0,0,0.0,0.0
36162013,3616,2013,442,442,0,0,1.0404,425,425,0,0,0.0,0.0
36162014,3616,2014,453,453,0,0,1.0404,435,435,0,0,0.0,0.0
36162015,3616,2015,479,479,0,0,1.0404,460,460,0,0,0.0,0.0
36162016,3616,2016,500,500,0,0,1.0404,481,481,0,0,0.0,0.0
36162017,3616,2017,514,514,0,0,1.0404,494,494,0,0,0.0,0.0
36162018,3616,2018,535,535,0,0,1.0404,514,514,0,0,0.0,0.0
36162019,3616,2019,541,541,0,0,1.0404,520,520,0,0,0.0,0.0
36162020,3616,2020,540,540,0,0,1.0404,519,519,0,0,0.0,0.0
36162021,3616,2021,578,578,0,0,1.0404,556,556,0,0,0.0,0.0
36162022,3616,2022,572,572,0,0,1.0404,550,550,0,0,0.0,0.0
36162023,3616,2023,583,583,0,0,1.0404,560,560,0,0,0.0,0.0
36162024,3616,2024,593,593,0,0,1.0404,570,570,0,0,0.0,0.0
36162025,3616,2025,603,603,0,0,1.0404,580,580,0,0,0.0,0.0
36162026,3616,2026,614,614,0,0,1.0404,590,590,0,0,0.0,0.0
36162027,3616,2027,624,624,0,0,1.0404,600,600,0,0,0.0,0.0
36162028,3616,2028,635,635,0,0,1.0404,610,610,0,0,0.0,0.0
36162029,3616,2029,645,645,0,0,1.0404,620,620,0,0,0.0,0.0
36162030,3616,2030,655,655,0,0,1.0404,630,630,0,0,0.0,0.0
36162031,3616,2031,666,666,0,0,1.0404,640,640,0,0,0.0,0.0
36162032,3616,2032,676,676,0,0,1.0404,650,650,0,0,0.0,0.0
36162033,3616,2033,689,689,0,0,1.0404,662,662,0,0,0.0,0.0
36162034,3616,2034,702,702,0,0,1.0404,675,675,0,0,0.0,0.0
36162035,3616,2035,716,716,0,0,1.0404,688,688,0,0,0.0,0.0
36162036,3616,2036,728,728,0,0,1.0404,700,700,0,0,0.0,0.0
36162037,3616,2037,739,739,0,0,1.0404,710,710,0,0,0.0,0.0
36162038,3616,2038,749,749,0,0,1.0404,720,720,0,0,0.0,0.0
36162039,3616,2039,759,759,0,0,1.0404,730,730,0,0,0.0,0.0
36162040,3616,2040,770,770,0,0,1.0404,740,740,0,0,0.0,0.0
36162041,3616,2041,780,780,0,0,1.0404,750,750,0,0,0.0,0.0
36162042,3616,2042,791,791,0,0,1.0404,760,760,0,0,0.0,0.0
36162043,3616,2043,801,801,0,0,1.0404,770,770,0,0,0.0,0.0
36162044,3616,2044,812,812,0,0,1.0404,780,780,0,0,0.0,0.0
36162045,3616,2045,822,822,0,0,1.0404,790,790,0,0,0.0,0.0
36162046,3616,2046,832,832,0,0,1.0404,800,800,0,0,0.0,0.0
36162047,3616,2047,844,844,0,0,1.0404,811,811,0,0,0.0,0.0
36162048,3616,2048,855,855,0,0,1.0404,822,822,0,0,0.0,0.0
36162049,3616,2049,867,867,0,0,1.0404,833,833,0,0,0.0,0.0
36162050,3616,2050,878,878,0,0,1.0404,844,844,0,0,0.0,0.0
36162051,3616,2051,891,891,0,0,1.0404,856,856,0,0,0.0,0.0
36162052,3616,2052,902,902,0,0,1.0404,867,867,0,0,0.0,0.0
36162053,3616,2053,913,913,0,0,1.0404,878,878,0,0,0.0,0.0
36162054,3616,2054,925,925,0,0,1.0404,889,889,0,0,0.0,0.0
36162055,3616,2055,936,936,0,0,1.0404,900,900,0,0,0.0,0.0
36162056,3616,2056,947,947,0,0,1.0404,910,910,0,0,0.0,0.0
36162057,3616,2057,957,957,0,0,1.0404,920,920,0,0,0.0,0.0
36162058,3616,2058,968,968,0,0,1.0404,930,930,0,0,0.0,0.0
36162059,3616,2059,978,978,0,0,1.0404,940,940,0,0,0.0,0.0
36162060,3616,2060,988,988,0,0,1.0404,950,950,0,0,0.0,0.0
36172010,3617,2010,759,545,137,77,1.0404,730,524,132,74,0.1809,0.102
36172011,3617,2011,1170,840,211,120,1.0404,1125,807,203,115,0.1809,0.102
36172012,3617,2012,1170,840,211,120,1.0404,1125,807,203,115,0.1809,0.102
36172013,3617,2013,1212,869,220,124,1.0404,1165,835,211,119,0.1809,0.102
36172014,3617,2014,1228,881,222,125,1.0404,1180,847,213,120,0.1809,0.102
36172015,3617,2015,1300,933,235,132,1.0404,1250,897,226,127,0.1809,0.102
36172016,3617,2016,1366,980,247,139,1.0404,1313,942,237,134,0.1809,0.102
36172017,3617,2017,1401,1005,254,143,1.0404,1347,966,244,137,0.1809,0.102
36172018,3617,2018,1458,1046,263,149,1.0404,1401,1005,253,143,0.1809,0.102
36172019,3617,2019,1475,1058,266,151,1.0404,1418,1017,256,145,0.1809,0.102
36172020,3617,2020,1474,1057,266,151,1.0404,1417,1016,256,145,0.1809,0.102
36172021,3617,2021,1580,1133,286,161,1.0404,1519,1089,275,155,0.181,0.102
36172022,3617,2022,1563,1121,283,159,1.0404,1502,1077,272,153,0.1809,0.102
36172023,3617,2023,1602,1149,290,163,1.0404,1540,1104,279,157,0.1809,0.102
36172024,3617,2024,1644,1179,298,168,1.0404,1580,1133,286,161,0.1809,0.102
36172025,3617,2025,1685,1209,305,172,1.0404,1620,1162,293,165,0.1809,0.1019
36172026,3617,2026,1727,1239,312,176,1.0404,1660,1191,300,169,0.1807,0.1018
36172027,3617,2027,1769,1268,320,180,1.0404,1700,1219,308,173,0.1812,0.1018
36172028,3617,2028,1810,1298,328,184,1.0404,1740,1248,315,177,0.181,0.1017
36172029,3617,2029,1852,1328,335,189,1.0404,1780,1276,322,182,0.1809,0.1022
36172030,3617,2030,1894,1358,342,194,1.0404,1820,1305,329,186,0.1808,0.1022
36172031,3617,2031,1935,1388,350,198,1.0404,1860,1334,336,190,0.1806,0.1022
36172032,3617,2032,1977,1417,358,202,1.0404,1900,1362,344,194,0.1811,0.1021
36172033,3617,2033,2029,1454,367,207,1.0404,1950,1398,353,199,0.181,0.1021
36172034,3617,2034,2081,1492,377,212,1.0404,2000,1434,362,204,0.181,0.102
36172035,3617,2035,2133,1529,386,217,1.0404,2050,1470,371,209,0.181,0.102
36172036,3617,2036,2185,1567,395,223,1.0404,2100,1506,380,214,0.181,0.1019
36172037,3617,2037,2226,1597,403,227,1.0404,2140,1535,387,218,0.1808,0.1019
36172038,3617,2038,2268,1627,410,231,1.0404,2180,1564,394,222,0.1807,0.1018
36172039,3617,2039,2310,1656,418,235,1.0404,2220,1592,402,226,0.1811,0.1018
36172040,3617,2040,2351,1686,426,239,1.0404,2260,1621,409,230,0.181,0.1018
36172041,3617,2041,2393,1716,433,244,1.0404,2300,1649,416,235,0.1809,0.1022
36172042,3617,2042,2435,1746,440,249,1.0404,2340,1678,423,239,0.1808,0.1021
36172043,3617,2043,2476,1775,448,253,1.0404,2380,1706,431,243,0.1811,0.1021
36172044,3617,2044,2518,1805,456,257,1.0404,2420,1735,438,247,0.181,0.1021
36172045,3617,2045,2559,1835,463,261,1.0404,2460,1764,445,251,0.1809,0.102
36172046,3617,2046,2601,1865,470,265,1.0404,2500,1793,452,255,0.1808,0.102
36172047,3617,2047,2635,1890,477,268,1.0404,2533,1817,458,258,0.1808,0.1019
36172048,3617,2048,2671,1915,483,273,1.0404,2567,1841,464,262,0.1808,0.1021
36172049,3617,2049,2705,1940,489,276,1.0404,2600,1865,470,265,0.1808,0.1019
36172050,3617,2050,2739,1964,495,280,1.0404,2633,1888,476,269,0.1808,0.1022
36172051,3617,2051,2775,1990,501,283,1.0404,2667,1913,482,272,0.1807,0.102
36172052,3617,2052,2809,2015,508,286,1.0404,2700,1937,488,275,0.1807,0.1019
36172053,3617,2053,2843,2039,514,290,1.0404,2733,1960,494,279,0.1808,0.1021
36172054,3617,2054,2879,2064,521,293,1.0404,2767,1984,501,282,0.1811,0.1019
36172055,3617,2055,2913,2089,526,298,1.0404,2800,2008,506,286,0.1807,0.1021
36172056,3617,2056,2955,2118,535,302,1.0404,2840,2036,514,290,0.181,0.1021
36172057,3617,2057,2996,2148,542,306,1.0404,2880,2065,521,294,0.1809,0.1021
36172058,3617,2058,3038,2179,549,310,1.0404,2920,2094,528,298,0.1808,0.1021
36172059,3617,2059,3080,2209,557,314,1.0404,2960,2123,535,302,0.1807,0.102
36172060,3617,2060,3121,2238,565,318,1.0404,3000,2151,543,306,0.181,0.102
36182010,3618,2010,1160,995,106,59,1.0404,1115,956,102,57,0.0915,0.051
36182011,3618,2011,916,784,84,47,1.0404,880,754,81,45,0.0915,0.051
36182012,3618,2012,900,772,82,46,1.0404,865,742,79,44,0.0915,0.051
36182013,3618,2013,926,795,84,47,1.0404,890,764,81,45,0.0915,0.051
36182014,3618,2014,942,807,86,48,1.0404,905,776,83,46,0.0915,0.051
36182015,3618,2015,999,856,92,51,1.0404,960,823,88,49,0.0915,0.051
36182016,3618,2016,1047,898,96,53,1.0404,1006,863,92,51,0.0915,0.051
36182017,3618,2017,1074,921,98,55,1.0404,1032,885,94,53,0.0915,0.051
36182018,3618,2018,1116,957,102,57,1.0404,1073,920,98,55,0.0915,0.051
36182019,3618,2019,1130,970,103,57,1.0404,1086,932,99,55,0.0915,0.051
36182020,3618,2020,1129,969,103,57,1.0404,1085,931,99,55,0.0915,0.051
36182021,3618,2021,1210,1038,110,61,1.0404,1163,998,106,59,0.0911,0.0507
36182022,3618,2022,1196,1026,109,61,1.0404,1150,986,105,59,0.0915,0.051
36182023,3618,2023,2122,1820,195,108,1.0404,2040,1749,187,104,0.0915,0.051
36182024,3618,2024,2164,1856,198,110,1.0404,2080,1784,190,106,0.0915,0.051
36182025,3618,2025,2206,1891,202,112,1.0404,2120,1818,194,108,0.0915,0.0509
36182026,3618,2026,2247,1927,206,114,1.0404,2160,1852,198,110,0.0917,0.0509
36182027,3618,2027,2289,1963,209,117,1.0404,2200,1887,201,112,0.0914,0.0509
36182028,3618,2028,2330,1999,213,119,1.0404,2240,1921,205,114,0.0915,0.0509
36182029,3618,2029,2372,2034,217,121,1.0404,2280,1955,209,116,0.0917,0.0509
36182030,3618,2030,2414,2070,221,123,1.0404,2320,1990,212,118,0.0914,0.0509
36182031,3618,2031,2455,2106,225,125,1.0404,2360,2024,216,120,0.0915,0.0508
36182032,3618,2032,2497,2141,229,127,1.0404,2400,2058,220,122,0.0917,0.0508
36182033,3618,2033,2549,2186,233,130,1.0404,2450,2101,224,125,0.0914,0.051
36182034,3618,2034,2601,2230,238,133,1.0404,2500,2143,229,128,0.0916,0.0512
36182035,3618,2035,2653,2275,242,135,1.0404,2550,2187,233,130,0.0914,0.051
36182036,3618,2036,2705,2319,248,138,1.0404,2600,2229,238,133,0.0915,0.0512
36182037,3618,2037,2747,2354,252,140,1.0404,2640,2263,242,135,0.0917,0.0511
36182038,3618,2038,2788,2391,255,143,1.0404,2680,2298,245,137,0.0914,0.0511
36182039,3618,2039,2830,2426,259,145,1.0404,2720,2332,249,139,0.0915,0.0511
36182040,3618,2040,2872,2462,263,147,1.0404,2760,2366,253,141,0.0917,0.0511
36182041,3618,2041,2913,2498,266,149,1.0404,2800,2401,256,143,0.0914,0.0511
36182042,3618,2042,2955,2533,271,151,1.0404,2840,2435,260,145,0.0915,0.0511
36182043,3618,2043,2996,2569,275,153,1.0404,2880,2469,264,147,0.0917,0.051
36182044,3618,2044,3038,2605,278,155,1.0404,2920,2504,267,149,0.0914,0.051
36182045,3618,2045,3080,2641,282,157,1.0404,2960,2538,271,151,0.0916,0.051
36182046,3618,2046,3121,2676,286,159,1.0404,3000,2572,275,153,0.0917,0.051
36182047,3618,2047,3156,2705,289,161,1.0404,3033,2600,278,155,0.0917,0.0511
36182048,3618,2048,3191,2736,292,162,1.0404,3067,2630,281,156,0.0916,0.0509
36182049,3618,2049,3225,2765,295,164,1.0404,3100,2658,284,158,0.0916,0.051
36182050,3618,2050,3260,2795,299,166,1.0404,3133,2686,287,160,0.0916,0.0511
36182051,3618,2051,3295,2825,302,169,1.0404,3167,2715,290,162,0.0916,0.0512
36182052,3618,2052,3329,2855,305,170,1.0404,3200,2744,293,163,0.0916,0.0509
36182053,3618,2053,3364,2884,308,172,1.0404,3233,2772,296,165,0.0916,0.051
36182054,3618,2054,3399,2914,311,174,1.0404,3267,2801,299,167,0.0915,0.0511
36182055,3618,2055,3433,2944,314,175,1.0404,3300,2830,302,168,0.0915,0.0509
36182056,3618,2056,3475,2980,318,177,1.0404,3340,2864,306,170,0.0916,0.0509
36182057,3618,2057,3517,3016,321,179,1.0404,3380,2899,309,172,0.0914,0.0509
36182058,3618,2058,3558,3051,326,181,1.0404,3420,2933,313,174,0.0915,0.0509
36182059,3618,2059,3600,3086,330,184,1.0404,3460,2966,317,177,0.0916,0.0512
36182060,3618,2060,3641,3122,333,186,1.0404,3500,3001,320,179,0.0914,0.0511
36192010,3619,2010,250,212,26,12,0.715,350,296,37,17,0.106,0.048
36192011,3619,2011,254,214,27,12,0.715,355,300,38,17,0.106,0.048
36192012,3619,2012,257,218,27,12,0.715,360,305,38,17,0.106,0.048
36192013,3619,2013,261,220,28,13,0.715,365,308,39,18,0.106,0.048
36192014,3619,2014,265,224,28,13,0.715,370,313,39,18,0.106,0.048
36192015,3619,2015,268,227,29,13,0.715,375,317,40,18,0.106,0.048
36192016,3619,2016,272,230,29,13,0.715,380,322,40,18,0.106,0.048
36192017,3619,2017,275,233,29,13,0.715,385,326,41,18,0.106,0.048
36192018,3619,2018,279,236,29,14,0.715,390,330,41,19,0.106,0.048
36192019,3619,2019,282,239,30,14,0.715,395,334,42,19,0.106,0.048
36192020,3619,2020,286,242,30,14,0.715,400,339,42,19,0.106,0.048
36192021,3619,2021,290,245,31,14,0.715,405,343,43,19,0.106,0.048
36192022,3619,2022,293,248,31,14,0.715,410,347,43,20,0.106,0.048
36192023,3619,2023,322,272,34,16,0.715,450,380,48,22,0.106,0.048
36192024,3619,2024,322,272,34,16,0.715,450,380,48,22,0.106,0.048
36192025,3619,2025,322,272,34,16,0.715,450,380,48,22,0.1067,0.0489
36192026,3619,2026,322,272,34,16,0.715,450,380,48,22,0.1067,0.0489
36192027,3619,2027,322,272,34,16,0.715,450,380,48,22,0.1067,0.0489
36192028,3619,2028,322,272,34,16,0.715,450,380,48,22,0.1067,0.0489
36192029,3619,2029,322,272,34,16,0.715,450,380,48,22,0.1067,0.0489
36192030,3619,2030,322,272,34,16,0.715,450,380,48,22,0.1067,0.0489
36192031,3619,2031,322,272,34,16,0.715,450,380,48,22,0.1067,0.0489
36192032,3619,2032,322,272,34,16,0.715,450,380,48,22,0.1067,0.0489
36192033,3619,2033,330,280,35,16,0.715,462,391,49,22,0.1061,0.0476
36192034,3619,2034,340,287,36,16,0.715,475,402,50,23,0.1053,0.0484
36192035,3619,2035,349,295,37,16,0.715,488,413,52,23,0.1066,0.0471
36192036,3619,2036,358,302,38,17,0.715,500,423,53,24,0.106,0.048
36192037,3619,2037,361,305,39,17,0.715,505,427,54,24,0.1069,0.0475
36192038,3619,2038,365,309,39,17,0.715,510,432,54,24,0.1059,0.0471
36192039,3619,2039,368,311,39,18,0.715,515,435,55,25,0.1068,0.0485
36192040,3619,2040,372,315,39,18,0.715,520,440,55,25,0.1058,0.0481
36192041,3619,2041,375,317,40,18,0.715,525,444,56,25,0.1067,0.0476
36192042,3619,2042,379,321,40,18,0.715,530,449,56,25,0.1057,0.0472
36192043,3619,2043,383,323,41,19,0.715,535,452,57,26,0.1065,0.0486
36192044,3619,2044,386,327,41,19,0.715,540,457,57,26,0.1056,0.0481
36192045,3619,2045,390,330,41,19,0.715,545,461,58,26,0.1064,0.0477
36192046,3619,2046,393,333,41,19,0.715,550,466,58,26,0.1055,0.0473
36192047,3619,2047,393,333,41,19,0.715,550,466,58,26,0.1055,0.0473
36192048,3619,2048,393,333,41,19,0.715,550,466,58,26,0.1055,0.0473
36192049,3619,2049,393,333,41,19,0.715,550,466,58,26,0.1055,0.0473
36192050,3619,2050,393,333,41,19,0.715,550,466,58,26,0.1055,0.0473
36192051,3619,2051,393,333,41,19,0.715,550,466,58,26,0.1055,0.0473
36192052,3619,2052,393,333,41,19,0.715,550,466,58,26,0.1055,0.0473
36192053,3619,2053,393,333,41,19,0.715,550,466,58,26,0.1055,0.0473
36192054,3619,2054,393,333,41,19,0.715,550,466,58,26,0.1055,0.0473
36192055,3619,2055,393,333,41,19,0.715,550,466,58,26,0.1055,0.0473
36192056,3619,2056,400,339,42,19,0.715,560,474,59,27,0.1054,0.0482
36192057,3619,2057,408,345,43,19,0.715,570,483,60,27,0.1053,0.0474
36192058,3619,2058,415,351,44,20,0.715,580,491,61,28,0.1052,0.0483
36192059,3619,2059,422,357,45,20,0.715,590,499,63,28,0.1068,0.0475
36192060,3619,2060,429,363,46,21,0.715,600,507,64,29,0.1067,0.0483
36202010,3620,2010,13201,7134,5002,1065,1.0182,12965,7006,4913,1046,0.3789,0.0807
36202011,3620,2011,12957,9125,3019,813,1.0182,12725,8962,2965,798,0.233,0.0627
36202012,3620,2012,12442,8403,3230,809,1.0182,12220,8253,3172,795,0.2596,0.0651
36202013,3620,2013,13746,7392,5219,1134,1.0182,13500,7260,5126,1114,0.3797,0.0825
36202014,3620,2014,14968,8038,5660,1270,1.0182,14700,7894,5559,1247,0.3782,0.0848
36202015,3620,2015,16261,8913,6032,1316,1.0182,15970,8754,5924,1292,0.371,0.0809
36202016,3620,2016,17541,11562,4784,1195,1.0182,17227,11355,4698,1174,0.2727,0.0681
36202017,3620,2017,18008,12366,4230,1412,1.0182,17686,12145,4154,1387,0.2349,0.0784
36202018,3620,2018,18613,12633,4579,1401,1.0182,18280,12407,4497,1376,0.246,0.0753
36202019,3620,2019,19071,13176,4521,1375,1.0182,18730,12940,4440,1350,0.237,0.0721
36202020,3620,2020,19071,11805,5544,1722,1.0182,18730,11594,5445,1691,0.2907,0.0903
36202021,3620,2021,21204,13833,5710,1661,1.0182,20825,13586,5608,1631,0.2693,0.0783
36202022,3620,2022,21331,13917,5745,1670,1.0182,20950,13668,5642,1640,0.2693,0.0783
36202023,3620,2023,20160,13029,5591,1541,1.0182,19800,12796,5491,1513,0.2773,0.0764
36202024,3620,2024,20466,13400,5535,1531,1.0182,20100,13160,5436,1504,0.2704,0.0748
36202025,3620,2025,20771,13215,5944,1612,1.0182,20400,12979,5838,1583,0.2862,0.0776
36202026,3620,2026,21077,13431,6011,1634,1.0182,20700,13191,5904,1605,0.2852,0.0775
36202027,3620,2027,21382,13646,6079,1658,1.0182,21000,13402,5970,1628,0.2843,0.0775
36202028,3620,2028,21688,13860,6147,1681,1.0182,21300,13612,6037,1651,0.2834,0.0775
36202029,3620,2029,21993,14075,6214,1704,1.0182,21600,13823,6103,1674,0.2825,0.0775
36202030,3620,2030,22299,14289,6282,1727,1.0182,21900,14034,6170,1696,0.2817,0.0774
36202031,3620,2031,22604,14504,6349,1750,1.0182,22200,14245,6236,1719,0.2809,0.0774
36202032,3620,2032,22910,14718,6418,1774,1.0182,22500,14455,6303,1742,0.2801,0.0774
36202033,3620,2033,23291,14987,6502,1802,1.0182,22875,14719,6386,1770,0.2792,0.0774
36202034,3620,2034,23673,15255,6587,1832,1.0182,23250,14982,6469,1799,0.2782,0.0774
36202035,3620,2035,24055,15523,6671,1860,1.0182,23625,15246,6552,1827,0.2773,0.0773
36202036,3620,2036,24437,15791,6756,1890,1.0182,24000,15509,6635,1856,0.2765,0.0773
36202037,3620,2037,24793,16043,6834,1916,1.0182,24350,15756,6712,1882,0.2756,0.0773
36202038,3620,2038,25150,16292,6914,1944,1.0182,24700,16001,6790,1909,0.2749,0.0773
36202039,3620,2039,25506,16544,6992,1970,1.0182,25050,16248,6867,1935,0.2741,0.0772
36202040,3620,2040,25862,16793,7071,1998,1.0182,25400,16493,6945,1962,0.2734,0.0772
36202041,3620,2041,26219,17045,7150,2024,1.0182,25750,16740,7022,1988,0.2727,0.0772
36202042,3620,2042,26575,17294,7229,2052,1.0182,26100,16985,7100,2015,0.272,0.0772
36202043,3620,2043,26931,17545,7308,2079,1.0182,26450,17231,7177,2042,0.2713,0.0772
36202044,3620,2044,27288,17795,7387,2106,1.0182,26800,17477,7255,2068,0.2707,0.0772
36202045,3620,2045,27644,18046,7465,2133,1.0182,27150,17723,7332,2095,0.2701,0.0772
36202046,3620,2046,28000,18296,7545,2160,1.0182,27500,17969,7410,2121,0.2695,0.0771
36202047,3620,2047,28397,18574,7632,2190,1.0182,27889,18242,7496,2151,0.2688,0.0771
36202048,3620,2048,28793,18853,7720,2220,1.0182,28278,18516,7582,2180,0.2681,0.0771
36202049,3620,2049,29189,19131,7808,2250,1.0182,28667,18789,7668,2210,0.2675,0.0771
36202050,3620,2050,29585,19410,7895,2280,1.0182,29056,19063,7754,2239,0.2669,0.0771
36202051,3620,2051,29980,19687,7983,2310,1.0182,29444,19335,7840,2269,0.2663,0.0771
36202052,3620,2052,30376,19966,8070,2340,1.0182,29833,19609,7926,2298,0.2657,0.077
36202053,3620,2053,30772,20243,8159,2370,1.0182,30222,19881,8013,2328,0.2651,0.077
36202054,3620,2054,31168,20522,8246,2400,1.0182,30611,20155,8099,2357,0.2646,0.077
36202055,3620,2055,31564,20800,8334,2430,1.0182,31000,20428,8185,2387,0.264,0.077
36202056,3620,2056,31971,21087,8424,2461,1.0182,31400,20710,8273,2417,0.2635,0.077
36202057,3620,2057,32379,21373,8514,2492,1.0182,31800,20991,8362,2447,0.263,0.0769
36202058,3620,2058,32786,21658,8605,2523,1.0182,32200,21271,8451,2478,0.2625,0.077
36202059,3620,2059,33193,21945,8694,2554,1.0182,32600,21553,8539,2508,0.2619,0.0769
36202060,3620,2060,33601,22230,8785,2585,1.0182,33000,21833,8628,2539,0.2615,0.0769
36212010,3621,2010,2221,2221,0,0,1.0404,2135,2135,0,0,0.0,0.0
36212011,3621,2011,2216,2216,0,0,1.0404,2130,2130,0,0,0.0,0.0
36212012,3621,2012,2169,2169,0,0,1.0404,2085,2085,0,0,0.0,0.0
36212013,3621,2013,2117,2117,0,0,1.0404,2035,2035,0,0,0.0,0.0
36212014,3621,2014,2138,2138,0,0,1.0404,2055,2055,0,0,0.0,0.0
36212015,3621,2015,2232,2232,0,0,1.0404,2145,2145,0,0,0.0,0.0
36212016,3621,2016,2350,2350,0,0,1.0404,2259,2259,0,0,0.0,0.0
36212017,3621,2017,2414,2414,0,0,1.0404,2320,2320,0,0,0.0,0.0
36212018,3621,2018,2438,2438,0,0,1.0404,2343,2343,0,0,0.0,0.0
36212019,3621,2019,2481,2481,0,0,1.0404,2385,2385,0,0,0.0,0.0
36212020,3621,2020,2216,2216,0,0,1.0404,2130,2130,0,0,0.0,0.0
36212021,3621,2021,2402,2402,0,0,1.0404,2309,2309,0,0,0.0,0.0
36212022,3621,2022,2426,2426,0,0,1.0404,2332,2332,0,0,0.0,0.0
36212023,3621,2023,364,364,0,0,1.0404,350,350,0,0,0.0,0.0
36212024,3621,2024,364,364,0,0,1.0404,350,350,0,0,0.0,0.0
36212025,3621,2025,364,364,0,0,1.0404,350,350,0,0,0.0,0.0
36212026,3621,2026,364,364,0,0,1.0404,350,350,0,0,0.0,0.0
36212027,3621,2027,364,364,0,0,1.0404,350,350,0,0,0.0,0.0
36212028,3621,2028,364,364,0,0,1.0404,350,350,0,0,0.0,0.0
36212029,3621,2029,364,364,0,0,1.0404,350,350,0,0,0.0,0.0
36212030,3621,2030,364,364,0,0,1.0404,350,350,0,0,0.0,0.0
36212031,3621,2031,364,364,0,0,1.0404,350,350,0,0,0.0,0.0
36212032,3621,2032,364,364,0,0,1.0404,350,350,0,0,0.0,0.0
36212033,3621,2033,377,377,0,0,1.0404,362,362,0,0,0.0,0.0
36212034,3621,2034,390,390,0,0,1.0404,375,375,0,0,0.0,0.0
36212035,3621,2035,404,404,0,0,1.0404,388,388,0,0,0.0,0.0
36212036,3621,2036,416,416,0,0,1.0404,400,400,0,0,0.0,0.0
36212037,3621,2037,416,416,0,0,1.0404,400,400,0,0,0.0,0.0
36212038,3621,2038,416,416,0,0,1.0404,400,400,0,0,0.0,0.0
36212039,3621,2039,416,416,0,0,1.0404,400,400,0,0,0.0,0.0
36212040,3621,2040,416,416,0,0,1.0404,400,400,0,0,0.0,0.0
36212041,3621,2041,416,416,0,0,1.0404,400,400,0,0,0.0,0.0
36212042,3621,2042,416,416,0,0,1.0404,400,400,0,0,0.0,0.0
36212043,3621,2043,416,416,0,0,1.0404,400,400,0,0,0.0,0.0
36212044,3621,2044,416,416,0,0,1.0404,400,400,0,0,0.0,0.0
36212045,3621,2045,416,416,0,0,1.0404,400,400,0,0,0.0,0.0
36212046,3621,2046,416,416,0,0,1.0404,400,400,0,0,0.0,0.0
36212047,3621,2047,422,422,0,0,1.0404,406,406,0,0,0.0,0.0
36212048,3621,2048,428,428,0,0,1.0404,411,411,0,0,0.0,0.0
36212049,3621,2049,434,434,0,0,1.0404,417,417,0,0,0.0,0.0
36212050,3621,2050,439,439,0,0,1.0404,422,422,0,0,0.0,0.0
36212051,3621,2051,445,445,0,0,1.0404,428,428,0,0,0.0,0.0
36212052,3621,2052,450,450,0,0,1.0404,433,433,0,0,0.0,0.0
36212053,3621,2053,457,457,0,0,1.0404,439,439,0,0,0.0,0.0
36212054,3621,2054,462,462,0,0,1.0404,444,444,0,0,0.0,0.0
36212055,3621,2055,468,468,0,0,1.0404,450,450,0,0,0.0,0.0
36212056,3621,2056,468,468,0,0,1.0404,450,450,0,0,0.0,0.0
36212057,3621,2057,468,468,0,0,1.0404,450,450,0,0,0.0,0.0
36212058,3621,2058,468,468,0,0,1.0404,450,450,0,0,0.0,0.0
36212059,3621,2059,468,468,0,0,1.0404,450,450,0,0,0.0,0.0
36212060,3621,2060,468,468,0,0,1.0404,450,450,0,0,0.0,0.0
36222010,3622,2010,104,70,20,15,1.0404,100,67,19,14,0.187,0.141
36222011,3622,2011,104,70,20,15,1.0404,100,67,19,14,0.187,0.141
36222012,3622,2012,104,70,20,15,1.0404,100,67,19,14,0.187,0.141
36222013,3622,2013,104,70,20,15,1.0404,100,67,19,14,0.187,0.141
36222014,3622,2014,104,70,20,15,1.0404,100,67,19,14,0.187,0.141
36222015,3622,2015,104,70,20,15,1.0404,100,67,19,14,0.187,0.141
36222016,3622,2016,104,70,20,15,1.0404,100,67,19,14,0.187,0.141
36222017,3622,2017,104,70,20,15,1.0404,100,67,19,14,0.187,0.141
36222018,3622,2018,104,70,20,15,1.0404,100,67,19,14,0.187,0.141
36222019,3622,2019,104,70,20,15,1.0404,100,67,19,14,0.187,0.141
36222020,3622,2020,104,70,20,15,1.0404,100,67,19,14,0.187,0.141
36222021,3622,2021,109,73,21,16,1.0404,105,70,20,15,0.187,0.141
36222022,3622,2022,114,76,22,17,1.0404,110,73,21,16,0.187,0.141
36222023,3622,2023,156,105,29,22,1.0404,150,101,28,21,0.187,0.141
36222024,3622,2024,156,105,29,22,1.0404,150,101,28,21,0.187,0.141
36222025,3622,2025,156,105,29,22,1.0404,150,101,28,21,0.1867,0.14
36222026,3622,2026,156,105,29,22,1.0404,150,101,28,21,0.1867,0.14
36222027,3622,2027,156,105,29,22,1.0404,150,101,28,21,0.1867,0.14
36222028,3622,2028,156,105,29,22,1.0404,150,101,28,21,0.1867,0.14
36222029,3622,2029,156,105,29,22,1.0404,150,101,28,21,0.1867,0.14
36222030,3622,2030,156,105,29,22,1.0404,150,101,28,21,0.1867,0.14
36222031,3622,2031,156,105,29,22,1.0404,150,101,28,21,0.1867,0.14
36222032,3622,2032,156,105,29,22,1.0404,150,101,28,21,0.1867,0.14
36222033,3622,2033,156,105,29,22,1.0404,150,101,28,21,0.1867,0.14
36222034,3622,2034,156,105,29,22,1.0404,150,101,28,21,0.1867,0.14
36222035,3622,2035,156,105,29,22,1.0404,150,101,28,21,0.1867,0.14
36222036,3622,2036,156,105,29,22,1.0404,150,101,28,21,0.1867,0.14
36222037,3622,2037,161,108,30,23,1.0404,155,104,29,22,0.1871,0.1419
36222038,3622,2038,166,111,31,24,1.0404,160,107,30,23,0.1875,0.1438
36222039,3622,2039,172,115,32,24,1.0404,165,111,31,23,0.1879,0.1394
36222040,3622,2040,177,119,33,25,1.0404,170,114,32,24,0.1882,0.1412
36222041,3622,2041,182,122,34,26,1.0404,175,117,33,25,0.1886,0.1429
36222042,3622,2042,187,126,35,26,1.0404,180,121,34,25,0.1889,0.1389
36222043,3622,2043,192,129,36,27,1.0404,185,124,35,26,0.1892,0.1405
36222044,3622,2044,198,132,37,28,1.0404,190,127,36,27,0.1895,0.1421
36222045,3622,2045,203,137,37,28,1.0404,195,132,36,27,0.1846,0.1385
36222046,3622,2046,208,140,38,29,1.0404,200,135,37,28,0.185,0.14
36222047,3622,2047,208,140,38,29,1.0404,200,135,37,28,0.185,0.14
36222048,3622,2048,208,140,38,29,1.0404,200,135,37,28,0.185,0.14
36222049,3622,2049,208,140,38,29,1.0404,200,135,37,28,0.185,0.14
36222050,3622,2050,208,140,38,29,1.0404,200,135,37,28,0.185,0.14
36222051,3622,2051,208,140,38,29,1.0404,200,135,37,28,0.185,0.14
36222052,3622,2052,208,140,38,29,1.0404,200,135,37,28,0.185,0.14
36222053,3622,2053,208,140,38,29,1.0404,200,135,37,28,0.185,0.14
36222054,3622,2054,208,140,38,29,1.0404,200,135,37,28,0.185,0.14
36222055,3622,2055,208,140,38,29,1.0404,200,135,37,28,0.185,0.14
36222056,3622,2056,208,140,38,29,1.0404,200,135,37,28,0.185,0.14
36222057,3622,2057,208,140,38,29,1.0404,200,135,37,28,0.185,0.14
36222058,3622,2058,208,140,38,29,1.0404,200,135,37,28,0.185,0.14
36222059,3622,2059,208,140,38,29,1.0404,200,135,37,28,0.185,0.14
36222060,3622,2060,208,140,38,29,1.0404,200,135,37,28,0.185,0.14
36232010,3623,2010,6938,4448,711,1779,0.971,7145,4581,732,1832,0.1024,0.2564
36232011,3623,2011,6807,4373,695,1738,0.971,7010,4504,716,1790,0.1021,0.2554
36232012,3623,2012,6821,4386,698,1737,0.971,7025,4517,719,1789,0.1023,0.2546
36232013,3623,2013,7011,4427,789,1794,0.971,7220,4559,813,1848,0.1126,0.256
36232014,3623,2014,7292,4073,1301,1918,0.971,7510,4195,1340,1975,0.1784,0.263
36232015,3623,2015,7894,4361,1402,2131,0.971,8130,4491,1444,2195,0.1776,0.27
36232016,3623,2016,8425,4596,1508,2322,0.971,8677,4733,1553,2391,0.179,0.2756
36232017,3623,2017,8762,5090,1292,2380,0.971,9024,5242,1331,2451,0.1475,0.2716
36232018,3623,2018,8762,5162,1277,2324,0.971,9024,5316,1315,2393,0.1458,0.2651
36232019,3623,2019,8947,5287,1282,2378,0.971,9214,5445,1320,2449,0.1433,0.2658
36232020,3623,2020,8938,5328,1189,2421,0.971,9205,5487,1225,2493,0.133,0.2708
36232021,3623,2021,9635,5697,1373,2565,0.971,9923,5867,1414,2642,0.1425,0.2663
36232022,3623,2022,10165,6533,1266,2366,0.971,10469,6728,1304,2437,0.1245,0.2328
36232023,3623,2023,10293,5923,1509,2861,0.971,10600,6100,1554,2946,0.1466,0.2779
36232024,3623,2024,10390,5946,1554,2890,0.971,10700,6124,1600,2976,0.1495,0.2781
36232025,3623,2025,10487,6249,1462,2775,0.971,10800,6436,1506,2858,0.1394,0.2646
36232026,3623,2026,10584,6304,1479,2801,0.971,10900,6492,1523,2885,0.1397,0.2647
36232027,3623,2027,10681,6358,1495,2828,0.971,11000,6548,1540,2912,0.14,0.2647
36232028,3623,2028,10778,6412,1512,2854,0.971,11100,6604,1557,2939,0.1403,0.2648
36232029,3623,2029,10875,6467,1528,2880,0.971,11200,6660,1574,2966,0.1405,0.2648
36232030,3623,2030,10972,6522,1544,2906,0.971,11300,6717,1590,2993,0.1407,0.2649
36232031,3623,2031,11069,6576,1560,2933,0.971,11400,6772,1607,3021,0.141,0.265
36232032,3623,2032,11166,6630,1577,2960,0.971,11500,6828,1624,3048,0.1412,0.265
36232033,3623,2033,11288,6698,1597,2993,0.971,11625,6898,1645,3082,0.1415,0.2651
36232034,3623,2034,11409,6766,1618,3026,0.971,11750,6968,1666,3116,0.1418,0.2652
36232035,3623,2035,11531,6833,1639,3059,0.971,11875,7037,1688,3150,0.1421,0.2653
36232036,3623,2036,11652,6902,1659,3091,0.971,12000,7108,1709,3183,0.1424,0.2652
36232037,3623,2037,11798,6983,1684,3131,0.971,12150,7192,1734,3224,0.1427,0.2653
36232038,3623,2038,11943,7065,1708,3170,0.971,12300,7276,1759,3265,0.143,0.2654
36232039,3623,2039,12089,7146,1733,3210,0.971,12450,7359,1785,3306,0.1434,0.2655
36232040,3623,2040,12235,7228,1758,3249,0.971,12600,7444,1810,3346,0.1437,0.2656
36232041,3623,2041,12380,7310,1782,3289,0.971,12750,7528,1835,3387,0.1439,0.2656
36232042,3623,2042,12526,7390,1807,3329,0.971,12900,7611,1861,3428,0.1443,0.2657
36232043,3623,2043,12672,7473,1831,3367,0.971,13050,7696,1886,3468,0.1445,0.2657
36232044,3623,2044,12817,7553,1857,3407,0.971,13200,7779,1912,3509,0.1448,0.2658
36232045,3623,2045,12963,7635,1881,3447,0.971,13350,7863,1937,3550,0.1451,0.2659
36232046,3623,2046,13108,7717,1905,3487,0.971,13500,7947,1962,3591,0.1453,0.266
36232047,3623,2047,13216,7777,1924,3516,0.971,13611,8009,1981,3621,0.1455,0.266
36232048,3623,2048,13324,7837,1942,3545,0.971,13722,8071,2000,3651,0.1458,0.2661
36232049,3623,2049,13432,7897,1960,3574,0.971,13833,8133,2019,3681,0.146,0.2661
36232050,3623,2050,13540,7958,1978,3603,0.971,13944,8196,2037,3711,0.1461,0.2661
36232051,3623,2051,13648,8019,1996,3633,0.971,14056,8258,2056,3742,0.1463,0.2662
36232052,3623,2052,13756,8079,2015,3663,0.971,14167,8320,2075,3772,0.1465,0.2663
36232053,3623,2053,13864,8139,2033,3692,0.971,14278,8382,2094,3802,0.1467,0.2663
36232054,3623,2054,13972,8200,2051,3721,0.971,14389,8445,2112,3832,0.1468,0.2663
36232055,3623,2055,14080,8260,2069,3750,0.971,14500,8507,2131,3862,0.147,0.2663
36232056,3623,2056,14274,8369,2102,3802,0.971,14700,8619,2165,3916,0.1473,0.2664
36232057,3623,2057,14468,8477,2135,3856,0.971,14900,8730,2199,3971,0.1476,0.2665
36232058,3623,2058,14662,8586,2168,3908,0.971,15100,8842,2233,4025,0.1479,0.2666
36232059,3623,2059,14856,8695,2200,3961,0.971,15300,8955,2266,4079,0.1481,0.2666
36232060,3623,2060,15050,8803,2233,4014,0.971,15500,9066,2300,4134,0.1484,0.2667
36242010,3624,2010,277,121,84,72,0.956,290,127,88,75,0.3039,0.2581
36242011,3624,2011,268,118,81,69,0.956,280,123,85,72,0.3039,0.2581
36242012,3624,2012,268,118,81,69,0.956,280,123,85,72,0.3039,0.2581
36242013,3624,2013,268,118,81,69,0.956,280,123,85,72,0.3039,0.2581
36242014,3624,2014,287,126,87,74,0.956,300,132,91,77,0.3039,0.2581
36242015,3624,2015,306,134,93,79,0.956,320,140,97,83,0.3039,0.2581
36242016,3624,2016,326,142,99,84,0.956,341,149,104,88,0.3039,0.2581
36242017,3624,2017,1662,728,505,429,0.956,1738,761,528,449,0.3039,0.2581
36242018,3624,2018,1673,732,509,432,0.956,1750,766,532,452,0.3039,0.2581
36242019,3624,2019,1686,739,512,435,0.956,1764,773,536,455,0.3039,0.2581
36242020,3624,2020,1746,765,531,450,0.956,1826,800,555,471,0.3039,0.2581
36242021,3624,2021,1924,842,585,497,0.956,2013,881,612,520,0.304,0.2583
36242022,3624,2022,1790,784,544,462,0.956,1872,820,569,483,0.3039,0.2581
36242023,3624,2023,1912,837,581,493,0.956,2000,876,608,516,0.3039,0.2581
36242024,3624,2024,1912,837,581,493,0.956,2000,876,608,516,0.3039,0.2581
36242025,3624,2025,1912,837,581,493,0.956,2000,876,608,516,0.304,0.258
36242026,3624,2026,1912,837,581,493,0.956,2000,876,608,516,0.304,0.258
36242027,3624,2027,1912,837,581,493,0.956,2000,876,608,516,0.304,0.258
36242028,3624,2028,1912,837,581,493,0.956,2000,876,608,516,0.304,0.258
36242029,3624,2029,1912,837,581,493,0.956,2000,876,608,516,0.304,0.258
36242030,3624,2030,1912,837,581,493,0.956,2000,876,608,516,0.304,0.258
36242031,3624,2031,1912,837,581,493,0.956,2000,876,608,516,0.304,0.258
36242032,3624,2032,1912,837,581,493,0.956,2000,876,608,516,0.304,0.258
36242033,3624,2033,1936,848,588,500,0.956,2025,887,615,523,0.3037,0.2583
36242034,3624,2034,1960,858,596,506,0.956,2050,898,623,529,0.3039,0.258
36242035,3624,2035,1984,868,603,512,0.956,2075,908,631,536,0.3041,0.2583
36242036,3624,2036,2008,880,610,518,0.956,2100,920,638,542,0.3038,0.2581
36242037,3624,2037,2027,888,616,523,0.956,2120,929,644,547,0.3038,0.258
36242038,3624,2038,2046,897,621,528,0.956,2140,938,650,552,0.3037,0.2579
36242039,3624,2039,2065,904,627,533,0.956,2160,946,656,558,0.3037,0.2583
36242040,3624,2040,2084,913,633,538,0.956,2180,955,662,563,0.3037,0.2583
36242041,3624,2041,2103,921,640,543,0.956,2200,963,669,568,0.3041,0.2582
36242042,3624,2042,2122,929,645,548,0.956,2220,972,675,573,0.3041,0.2581
36242043,3624,2043,2141,938,651,553,0.956,2240,981,681,578,0.304,0.258
36242044,3624,2044,2161,946,657,557,0.956,2260,990,687,583,0.304,0.258
36242045,3624,2045,2180,955,663,562,0.956,2280,999,693,588,0.3039,0.2579
36242046,3624,2046,2199,963,668,568,0.956,2300,1007,699,594,0.3039,0.2583
36242047,3624,2047,2209,968,671,570,0.956,2311,1013,702,596,0.3038,0.2579
36242048,3624,2048,2220,972,675,573,0.956,2322,1017,706,599,0.304,0.258
36242049,3624,2049,2230,977,678,576,0.956,2333,1022,709,602,0.3039,0.258
36242050,3624,2050,2241,982,681,578,0.956,2344,1027,712,605,0.3038,0.2581
36242051,3624,2051,2252,987,684,581,0.956,2356,1032,716,608,0.3039,0.2581
36242052,3624,2052,2263,991,687,584,0.956,2367,1037,719,611,0.3038,0.2581
36242053,3624,2053,2273,995,691,587,0.956,2378,1041,723,614,0.304,0.2582
36242054,3624,2054,2284,1000,694,590,0.956,2389,1046,726,617,0.3039,0.2583
36242055,3624,2055,2294,1006,697,592,0.956,2400,1052,729,619,0.3038,0.2579
36242056,3624,2056,2314,1013,703,598,0.956,2420,1060,735,625,0.3037,0.2583
36242057,3624,2057,2333,1022,708,602,0.956,2440,1069,741,630,0.3037,0.2582
36242058,3624,2058,2352,1030,715,607,0.956,2460,1077,748,635,0.3041,0.2581
36242059,3624,2059,2371,1038,721,612,0.956,2480,1086,754,640,0.304,0.2581
36242060,3624,2060,2390,1047,727,617,0.956,2500,1095,760,645,0.304,0.258
36252010,3625,2010,96,62,20,13,0.956,100,65,21,14,0.214,0.135
36252011,3625,2011,96,62,20,13,0.956,100,65,21,14,0.214,0.135
36252012,3625,2012,96,62,20,13,0.956,100,65,21,14,0.214,0.135
36252013,3625,2013,96,62,20,13,0.956,100,65,21,14,0.214,0.135
36252014,3625,2014,96,62,20,13,0.956,100,65,21,14,0.214,0.135
36252015,3625,2015,96,62,20,13,0.956,100,65,21,14,0.214,0.135
36252016,3625,2016,96,62,20,13,0.956,100,65,21,14,0.214,0.135
36252017,3625,2017,96,62,20,13,0.956,100,65,21,14,0.214,0.135
36252018,3625,2018,96,62,20,13,0.956,100,65,21,14,0.214,0.135
36252019,3625,2019,96,62,20,13,0.956,100,65,21,14,0.214,0.135
36252020,3625,2020,96,62,20,13,0.956,100,65,21,14,0.214,0.135
36252021,3625,2021,100,66,21,13,0.956,105,69,22,14,0.214,0.135
36252022,3625,2022,105,68,23,14,0.956,110,71,24,15,0.214,0.135
36252023,3625,2023,143,94,31,19,0.956,150,98,32,20,0.214,0.135
36252024,3625,2024,143,94,31,19,0.956,150,98,32,20,0.214,0.135
36252025,3625,2025,143,94,31,19,0.956,150,98,32,20,0.2133,0.1333
36252026,3625,2026,143,94,31,19,0.956,150,98,32,20,0.2133,0.1333
36252027,3625,2027,143,94,31,19,0.956,150,98,32,20,0.2133,0.1333
36252028,3625,2028,143,94,31,19,0.956,150,98,32,20,0.2133,0.1333
36252029,3625,2029,143,94,31,19,0.956,150,98,32,20,0.2133,0.1333
36252030,3625,2030,143,94,31,19,0.956,150,98,32,20,0.2133,0.1333
36252031,3625,2031,143,94,31,19,0.956,150,98,32,20,0.2133,0.1333
36252032,3625,2032,143,94,31,19,0.956,150,98,32,20,0.2133,0.1333
36252033,3625,2033,143,94,31,19,0.956,150,98,32,20,0.2133,0.1333
36252034,3625,2034,143,94,31,19,0.956,150,98,32,20,0.2133,0.1333
36252035,3625,2035,143,94,31,19,0.956,150,98,32,20,0.2133,0.1333
36252036,3625,2036,143,94,31,19,0.956,150,98,32,20,0.2133,0.1333
36252037,3625,2037,148,97,32,20,0.956,155,101,33,21,0.2129,0.1355
36252038,3625,2038,153,99,33,21,0.956,160,104,34,22,0.2125,0.1375
36252039,3625,2039,158,103,33,21,0.956,165,108,35,22,0.2121,0.1333
36252040,3625,2040,163,106,34,22,0.956,170,111,36,23,0.2118,0.1353
36252041,3625,2041,167,109,35,23,0.956,175,114,37,24,0.2114,0.1371
36252042,3625,2042,172,112,37,23,0.956,180,117,39,24,0.2167,0.1333
36252043,3625,2043,177,115,38,24,0.956,185,120,40,25,0.2162,0.1351
36252044,3625,2044,182,118,39,25,0.956,190,123,41,26,0.2158,0.1368
36252045,3625,2045,186,121,40,25,0.956,195,127,42,26,0.2154,0.1333
36252046,3625,2046,191,124,41,26,0.956,200,130,43,27,0.215,0.135
36252047,3625,2047,191,124,41,26,0.956,200,130,43,27,0.215,0.135
36252048,3625,2048,191,124,41,26,0.956,200,130,43,27,0.215,0.135
36252049,3625,2049,191,124,41,26,0.956,200,130,43,27,0.215,0.135
36252050,3625,2050,191,124,41,26,0.956,200,130,43,27,0.215,0.135
36252051,3625,2051,191,124,41,26,0.956,200,130,43,27,0.215,0.135
36252052,3625,2052,191,124,41,26,0.956,200,130,43,27,0.215,0.135
36252053,3625,2053,191,124,41,26,0.956,200,130,43,27,0.215,0.135
36252054,3625,2054,191,124,41,26,0.956,200,130,43,27,0.215,0.135
36252055,3625,2055,191,124,41,26,0.956,200,130,43,27,0.215,0.135
36252056,3625,2056,191,124,41,26,0.956,200,130,43,27,0.215,0.135
36252057,3625,2057,191,124,41,26,0.956,200,130,43,27,0.215,0.135
36252058,3625,2058,191,124,41,26,0.956,200,130,43,27,0.215,0.135
36252059,3625,2059,191,124,41,26,0.956,200,130,43,27,0.215,0.135
36252060,3625,2060,191,124,41,26,0.956,200,130,43,27,0.215,0.135
36262010,3626,2010,2292,1472,549,271,0.971,2360,1516,565,279,0.2394,0.1183
36262011,3626,2011,2277,2133,73,71,0.971,2345,2197,75,73,0.0321,0.0313
36262012,3626,2012,2272,2110,88,74,0.971,2340,2173,91,76,0.0387,0.0327
36262013,3626,2013,2350,2133,137,80,0.971,2420,2197,141,82,0.0584,0.0341
36262014,3626,2014,2355,2126,149,80,0.971,2425,2190,153,82,0.0633,0.034
36262015,3626,2015,2549,2224,222,103,0.971,2625,2290,229,106,0.0872,0.0403
36262016,3626,2016,2725,2402,221,101,0.971,2806,2474,228,104,0.0812,0.0371
36262017,3626,2017,2813,2656,70,87,0.971,2897,2735,72,90,0.0248,0.031
36262018,3626,2018,2885,2719,73,93,0.971,2971,2800,75,96,0.0252,0.0322
36262019,3626,2019,2913,2741,74,98,0.971,3000,2823,76,101,0.0254,0.0337
36262020,3626,2020,3117,2905,91,120,0.971,3210,2992,94,124,0.0293,0.0385
36262021,3626,2021,3268,3049,94,125,0.971,3366,3140,97,129,0.0288,0.0383
36262022,3626,2022,3357,3132,96,128,0.971,3457,3226,99,132,0.0287,0.0383
36262023,3626,2023,3437,2866,402,169,0.971,3540,2952,414,174,0.1169,0.0491
36262024,3626,2024,3476,2932,384,160,0.971,3580,3020,395,165,0.1102,0.0462
36262025,3626,2025,3515,2980,339,196,0.971,3620,3069,349,202,0.0964,0.0558
36262026,3626,2026,3554,3020,338,196,0.971,3660,3110,348,202,0.0951,0.0552
36262027,3626,2027,3593,3059,338,196,0.971,3700,3150,348,202,0.0941,0.0546
36262028,3626,2028,3632,3097,337,197,0.971,3740,3190,347,203,0.0928,0.0543
36262029,3626,2029,3670,3137,336,197,0.971,3780,3231,346,203,0.0915,0.0537
36262030,3626,2030,3709,3176,336,197,0.971,3820,3271,346,203,0.0906,0.0531
36262031,3626,2031,3748,3215,335,198,0.971,3860,3311,345,204,0.0894,0.0528
36262032,3626,2032,3787,3254,335,198,0.971,3900,3351,345,204,0.0885,0.0523
36262033,3626,2033,3811,3279,334,198,0.971,3925,3377,344,204,0.0876,0.052
36262034,3626,2034,3835,3303,334,198,0.971,3950,3402,344,204,0.0871,0.0516
36262035,3626,2035,3860,3327,334,199,0.971,3975,3426,344,205,0.0865,0.0516
36262036,3626,2036,3884,3352,333,199,0.971,4000,3452,343,205,0.0858,0.0512
36262037,3626,2037,3923,3391,333,199,0.971,4040,3492,343,205,0.0849,0.0507
36262038,3626,2038,3962,3431,332,199,0.971,4080,3533,342,205,0.0838,0.0502
36262039,3626,2039,4001,3468,332,200,0.971,4120,3572,342,206,0.083,0.05
36262040,3626,2040,4039,3508,331,200,0.971,4160,3613,341,206,0.082,0.0495
36262041,3626,2041,4078,3547,331,200,0.971,4200,3653,341,206,0.0812,0.049
36262042,3626,2042,4117,3586,330,201,0.971,4240,3693,340,207,0.0802,0.0488
36262043,3626,2043,4156,3625,330,201,0.971,4280,3733,340,207,0.0794,0.0484
36262044,3626,2044,4195,3665,329,201,0.971,4320,3774,339,207,0.0785,0.0479
36262045,3626,2045,4234,3702,329,202,0.971,4360,3813,339,208,0.0778,0.0477
36262046,3626,2046,4272,3742,328,202,0.971,4400,3854,338,208,0.0768,0.0473
36262047,3626,2047,4315,3786,327,202,0.971,4444,3899,337,208,0.0758,0.0468
36262048,3626,2048,4359,3829,327,203,0.971,4489,3943,337,209,0.0751,0.0466
36262049,3626,2049,4402,3872,326,203,0.971,4533,3988,336,209,0.0741,0.0461
36262050,3626,2050,4445,3916,326,203,0.971,4578,4033,336,209,0.0734,0.0457
36262051,3626,2051,4488,3959,325,204,0.971,4622,4077,335,210,0.0725,0.0454
36262052,3626,2052,4532,4003,324,204,0.971,4667,4123,334,210,0.0716,0.045
36262053,3626,2053,4574,4046,324,204,0.971,4711,4167,334,210,0.0709,0.0446
36262054,3626,2054,4618,4090,323,205,0.971,4756,4212,333,211,0.07,0.0444
36262055,3626,2055,4661,4133,323,205,0.971,4800,4256,333,211,0.0694,0.044
36262056,3626,2056,4719,4192,322,205,0.971,4860,4317,332,211,0.0683,0.0434
36262057,3626,2057,4777,4250,321,206,0.971,4920,4377,331,212,0.0673,0.0431
36262058,3626,2058,4836,4309,320,206,0.971,4980,4438,330,212,0.0663,0.0426
36262059,3626,2059,4894,4368,319,207,0.971,5040,4498,329,213,0.0653,0.0423
36262060,3626,2060,4952,4427,318,207,0.971,5100,4559,328,213,0.0643,0.0418
36272010,3627,2010,335,218,72,45,0.956,350,228,75,47,0.214,0.135
36272011,3627,2011,335,218,72,45,0.956,350,228,75,47,0.214,0.135
36272012,3627,2012,335,218,72,45,0.956,350,228,75,47,0.214,0.135
36272013,3627,2013,335,218,72,45,0.956,350,228,75,47,0.214,0.135
36272014,3627,2014,335,218,72,45,0.956,350,228,75,47,0.214,0.135
36272015,3627,2015,335,218,72,45,0.956,350,228,75,47,0.214,0.135
36272016,3627,2016,335,218,72,45,0.956,350,228,75,47,0.214,0.135
36272017,3627,2017,335,218,72,45,0.956,350,228,75,47,0.214,0.135
36272018,3627,2018,335,218,72,45,0.956,350,228,75,47,0.214,0.135
36272019,3627,2019,335,218,72,45,0.956,350,228,75,47,0.214,0.135
36272020,3627,2020,335,218,72,45,0.956,350,228,75,47,0.214,0.135
36272021,3627,2021,335,218,72,45,0.956,350,228,75,47,0.214,0.135
36272022,3627,2022,335,218,72,45,0.956,350,228,75,47,0.214,0.135
36272023,3627,2023,335,218,72,45,0.956,350,228,75,47,0.214,0.135
36272024,3627,2024,335,218,72,45,0.956,350,228,75,47,0.214,0.135
36272025,3627,2025,335,218,72,45,0.956,350,228,75,47,0.2143,0.1343
36272026,3627,2026,335,218,72,45,0.956,350,228,75,47,0.2143,0.1343
36272027,3627,2027,335,218,72,45,0.956,350,228,75,47,0.2143,0.1343
36272028,3627,2028,335,218,72,45,0.956,350,228,75,47,0.2143,0.1343
36272029,3627,2029,335,218,72,45,0.956,350,228,75,47,0.2143,0.1343
36272030,3627,2030,335,218,72,45,0.956,350,228,75,47,0.2143,0.1343
36272031,3627,2031,335,218,72,45,0.956,350,228,75,47,0.2143,0.1343
36272032,3627,2032,335,218,72,45,0.956,350,228,75,47,0.2143,0.1343
36272033,3627,2033,346,226,74,47,0.956,362,236,77,49,0.2127,0.1354
36272034,3627,2034,358,233,76,49,0.956,375,244,80,51,0.2133,0.136
36272035,3627,2035,371,242,79,50,0.956,388,253,83,52,0.2139,0.134
36272036,3627,2036,382,249,82,52,0.956,400,260,86,54,0.215,0.135
36272037,3627,2037,382,249,82,52,0.956,400,260,86,54,0.215,0.135
36272038,3627,2038,382,249,82,52,0.956,400,260,86,54,0.215,0.135
36272039,3627,2039,382,249,82,52,0.956,400,260,86,54,0.215,0.135
36272040,3627,2040,382,249,82,52,0.956,400,260,86,54,0.215,0.135
36272041,3627,2041,382,249,82,52,0.956,400,260,86,54,0.215,0.135
36272042,3627,2042,382,249,82,52,0.956,400,260,86,54,0.215,0.135
36272043,3627,2043,382,249,82,52,0.956,400,260,86,54,0.215,0.135
36272044,3627,2044,382,249,82,52,0.956,400,260,86,54,0.215,0.135
36272045,3627,2045,382,249,82,52,0.956,400,260,86,54,0.215,0.135
36272046,3627,2046,382,249,82,52,0.956,400,260,86,54,0.215,0.135
36272047,3627,2047,388,252,83,53,0.956,406,264,87,55,0.2143,0.1355
36272048,3627,2048,393,256,84,53,0.956,411,268,88,55,0.2141,0.1338
36272049,3627,2049,399,260,85,54,0.956,417,272,89,56,0.2134,0.1343
36272050,3627,2050,403,263,86,54,0.956,422,275,90,57,0.2133,0.1351
36272051,3627,2051,409,266,88,55,0.956,428,278,92,58,0.215,0.1355
36272052,3627,2052,414,270,89,55,0.956,433,282,93,58,0.2148,0.1339
36272053,3627,2053,420,273,90,56,0.956,439,286,94,59,0.2141,0.1344
36272054,3627,2054,424,276,91,57,0.956,444,289,95,60,0.214,0.1351
36272055,3627,2055,430,280,92,58,0.956,450,293,96,61,0.2133,0.1356
36272056,3627,2056,430,280,92,58,0.956,450,293,96,61,0.2133,0.1356
36272057,3627,2057,430,280,92,58,0.956,450,293,96,61,0.2133,0.1356
36272058,3627,2058,430,280,92,58,0.956,450,293,96,61,0.2133,0.1356
36272059,3627,2059,430,280,92,58,0.956,450,293,96,61,0.2133,0.1356
36272060,3627,2060,430,280,92,58,0.956,450,293,96,61,0.2133,0.1356
36282010,3628,2010,20591,14347,2465,3779,0.9566,21525,14998,2577,3950,0.1197,0.1835
36282011,3628,2011,20356,15072,1636,3648,0.9566,21280,15756,1710,3814,0.0804,0.1792
36282012,3628,2012,21050,16421,723,3906,0.9566,22005,17166,756,4083,0.0344,0.1856
36282013,3628,2013,21681,16899,768,4014,0.9566,22665,17666,803,4196,0.0354,0.1851
36282014,3628,2014,19055,14109,1251,3695,0.9566,19920,14749,1308,3863,0.0657,0.1939
36282015,3628,2015,22657,16054,2659,3944,0.9566,23685,16782,2780,4123,0.1174,0.1741
36282016,3628,2016,24879,17813,2885,4181,0.9566,26008,18621,3016,4371,0.116,0.1681
36282017,3628,2017,25874,20123,1509,4243,0.9566,27048,21036,1577,4435,0.0583,0.164
36282018,3628,2018,27349,21007,1942,4400,0.9566,28590,21960,2030,4600,0.071,0.1609
36282019,3628,2019,28088,21879,1743,4465,0.9566,29362,22872,1822,4668,0.0621,0.159
36282020,3628,2020,26740,19829,1977,4933,0.9566,27953,20729,2067,5157,0.074,0.1845
36282021,3628,2021,32729,24752,2634,5344,0.9566,34214,25875,2753,5586,0.0805,0.1633
36282022,3628,2022,41927,31709,3373,6844,0.9566,43829,33148,3526,7155,0.0805,0.1633
36282023,3628,2023,32237,24440,3320,4477,0.9566,33700,25549,3471,4680,0.103,0.1389
36282024,3628,2024,32907,25425,2105,5378,0.9566,34400,26578,2200,5622,0.0639,0.1634
36282025,3628,2025,33577,24874,2997,5706,0.9566,35100,26002,3133,5965,0.0893,0.1699
36282026,3628,2026,34246,25382,3050,5814,0.9566,35800,26534,3188,6078,0.0891,0.1698
36282027,3628,2027,34916,25891,3101,5923,0.9566,36500,27066,3242,6192,0.0888,0.1696
36282028,3628,2028,35586,26401,3153,6031,0.9566,37200,27599,3296,6305,0.0886,0.1695
36282029,3628,2029,36255,26910,3205,6140,0.9566,37900,28131,3350,6419,0.0884,0.1694
36282030,3628,2030,36925,27420,3256,6249,0.9566,38600,28664,3404,6532,0.0882,0.1692
36282031,3628,2031,37594,27929,3308,6358,0.9566,39300,29196,3458,6646,0.088,0.1691
36282032,3628,2032,38264,28438,3361,6466,0.9566,40000,29728,3513,6759,0.0878,0.169
36282033,3628,2033,38981,28983,3416,6582,0.9566,40750,30298,3571,6881,0.0876,0.1689
36282034,3628,2034,39699,29528,3472,6699,0.9566,41500,30868,3629,7003,0.0874,0.1687
36282035,3628,2035,40416,30075,3527,6815,0.9566,42250,31439,3687,7124,0.0873,0.1686
36282036,3628,2036,41134,30620,3582,6932,0.9566,43000,32009,3745,7246,0.0871,0.1685
36282037,3628,2037,41756,31093,3630,7032,0.9566,43650,32504,3795,7351,0.0869,0.1684
36282038,3628,2038,42377,31566,3678,7133,0.9566,44300,32998,3845,7457,0.0868,0.1683
36282039,3628,2039,42999,32038,3727,7234,0.9566,44950,33492,3896,7562,0.0867,0.1682
36282040,3628,2040,43621,32511,3775,7335,0.9566,45600,33986,3946,7668,0.0865,0.1682
36282041,3628,2041,44243,32985,3823,7436,0.9566,46250,34481,3996,7773,0.0864,0.1681
36282042,3628,2042,44865,33457,3871,7536,0.9566,46900,34975,4047,7878,0.0863,0.168
36282043,3628,2043,45486,33930,3919,7637,0.9566,47550,35469,4097,7984,0.0862,0.1679
36282044,3628,2044,46108,34403,3967,7738,0.9566,48200,35964,4147,8089,0.086,0.1678
36282045,3628,2045,46730,34875,4016,7839,0.9566,48850,36457,4198,8195,0.0859,0.1678
36282046,3628,2046,47352,35348,4064,7940,0.9566,49500,36952,4248,8300,0.0858,0.1677
36282047,3628,2047,48042,35873,4117,8052,0.9566,50222,37501,4304,8417,0.0857,0.1676
36282048,3628,2048,48733,36399,4171,8164,0.9566,50944,38050,4360,8534,0.0856,0.1675
36282049,3628,2049,49425,36924,4224,8277,0.9566,51667,38599,4416,8652,0.0855,0.1675
36282050,3628,2050,50115,37450,4277,8388,0.9566,52389,39149,4471,8769,0.0853,0.1674
36282051,3628,2051,50806,37975,4331,8500,0.9566,53111,39698,4527,8886,0.0852,0.1673
36282052,3628,2052,51497,38500,4384,8612,0.9566,53833,40247,4583,9003,0.0851,0.1672
36282053,3628,2053,52188,39026,4438,8724,0.9566,54556,40797,4639,9120,0.085,0.1672
36282054,3628,2054,52879,39552,4491,8836,0.9566,55278,41346,4695,9237,0.0849,0.1671
36282055,3628,2055,53570,40077,4545,8948,0.9566,56000,41895,4751,9354,0.0848,0.167
36282056,3628,2056,54239,40586,4596,9057,0.9566,56700,42427,4805,9468,0.0847,0.167
36282057,3628,2057,54909,41095,4648,9166,0.9566,57400,42959,4859,9582,0.0847,0.1669
36282058,3628,2058,55578,41604,4700,9274,0.9566,58100,43492,4913,9695,0.0846,0.1669
36282059,3628,2059,56248,42112,4752,9383,0.9566,58800,44023,4968,9809,0.0845,0.1668
36282060,3628,2060,56918,42622,4804,9491,0.9566,59500,44556,5022,9922,0.0844,0.1668
36292010,3629,2010,213,213,0,0,1.0404,205,205,0,0,0.0,0.0
36292011,3629,2011,2658,2658,0,0,1.0404,2555,2555,0,0,0.0,0.0
36292012,3629,2012,2606,2606,0,0,1.0404,2505,2505,0,0,0.0,0.0
36292013,3629,2013,2695,2695,0,0,1.0404,2590,2590,0,0,0.0,0.0
36292014,3629,2014,2741,2741,0,0,1.0404,2635,2635,0,0,0.0,0.0
36292015,3629,2015,2903,2903,0,0,1.0404,2790,2790,0,0,0.0,0.0
36292016,3629,2016,3043,3043,0,0,1.0404,2925,2925,0,0,0.0,0.0
36292017,3629,2017,3122,3122,0,0,1.0404,3001,3001,0,0,0.0,0.0
36292018,3629,2018,3247,3247,0,0,1.0404,3121,3121,0,0,0.0,0.0
36292019,3629,2019,3286,3286,0,0,1.0404,3158,3158,0,0,0.0,0.0
36292020,3629,2020,3282,3282,0,0,1.0404,3155,3155,0,0,0.0,0.0
36292021,3629,2021,3519,3519,0,0,1.0404,3382,3382,0,0,0.0,0.0
36292022,3629,2022,3480,3480,0,0,1.0404,3345,3345,0,0,0.0,0.0
36292023,3629,2023,3621,3621,0,0,1.0404,3480,3480,0,0,0.0,0.0
36292024,3629,2024,3704,3704,0,0,1.0404,3560,3560,0,0,0.0,0.0
36292025,3629,2025,3787,3787,0,0,1.0404,3640,3640,0,0,0.0,0.0
36292026,3629,2026,3870,3870,0,0,1.0404,3720,3720,0,0,0.0,0.0
36292027,3629,2027,3954,3954,0,0,1.0404,3800,3800,0,0,0.0,0.0
36292028,3629,2028,4037,4037,0,0,1.0404,3880,3880,0,0,0.0,0.0
36292029,3629,2029,4120,4120,0,0,1.0404,3960,3960,0,0,0.0,0.0
36292030,3629,2030,4203,4203,0,0,1.0404,4040,4040,0,0,0.0,0.0
36292031,3629,2031,4286,4286,0,0,1.0404,4120,4120,0,0,0.0,0.0
36292032,3629,2032,4370,4370,0,0,1.0404,4200,4200,0,0,0.0,0.0
36292033,3629,2033,4474,4474,0,0,1.0404,4300,4300,0,0,0.0,0.0
36292034,3629,2034,4578,4578,0,0,1.0404,4400,4400,0,0,0.0,0.0
36292035,3629,2035,4682,4682,0,0,1.0404,4500,4500,0,0,0.0,0.0
36292036,3629,2036,4786,4786,0,0,1.0404,4600,4600,0,0,0.0,0.0
36292037,3629,2037,4869,4869,0,0,1.0404,4680,4680,0,0,0.0,0.0
36292038,3629,2038,4952,4952,0,0,1.0404,4760,4760,0,0,0.0,0.0
36292039,3629,2039,5036,5036,0,0,1.0404,4840,4840,0,0,0.0,0.0
36292040,3629,2040,5119,5119,0,0,1.0404,4920,4920,0,0,0.0,0.0
36292041,3629,2041,5202,5202,0,0,1.0404,5000,5000,0,0,0.0,0.0
36292042,3629,2042,5285,5285,0,0,1.0404,5080,5080,0,0,0.0,0.0
36292043,3629,2043,5368,5368,0,0,1.0404,5160,5160,0,0,0.0,0.0
36292044,3629,2044,5452,5452,0,0,1.0404,5240,5240,0,0,0.0,0.0
36292045,3629,2045,5535,5535,0,0,1.0404,5320,5320,0,0,0.0,0.0
36292046,3629,2046,5618,5618,0,0,1.0404,5400,5400,0,0,0.0,0.0
36292047,3629,2047,5711,5711,0,0,1.0404,5489,5489,0,0,0.0,0.0
36292048,3629,2048,5803,5803,0,0,1.0404,5578,5578,0,0,0.0,0.0
36292049,3629,2049,5896,5896,0,0,1.0404,5667,5667,0,0,0.0,0.0
36292050,3629,2050,5989,5989,0,0,1.0404,5756,5756,0,0,0.0,0.0
36292051,3629,2051,6080,6080,0,0,1.0404,5844,5844,0,0,0.0,0.0
36292052,3629,2052,6173,6173,0,0,1.0404,5933,5933,0,0,0.0,0.0
36292053,3629,2053,6265,6265,0,0,1.0404,6022,6022,0,0,0.0,0.0
36292054,3629,2054,6358,6358,0,0,1.0404,6111,6111,0,0,0.0,0.0
36292055,3629,2055,6450,6450,0,0,1.0404,6200,6200,0,0,0.0,0.0
36292056,3629,2056,6534,6534,0,0,1.0404,6280,6280,0,0,0.0,0.0
36292057,3629,2057,6617,6617,0,0,1.0404,6360,6360,0,0,0.0,0.0
36292058,3629,2058,6700,6700,0,0,1.0404,6440,6440,0,0,0.0,0.0
36292059,3629,2059,6783,6783,0,0,1.0404,6520,6520,0,0,0.0,0.0
36292060,3629,2060,6867,6867,0,0,1.0404,6600,6600,0,0,0.0,0.0
